RecordID,RACEID,CO,JUR,CNTYNAME,YEAR,DATE,PLACE,CSD,OFFICE,RECODE_OFFICE,RECODE_OFFNAME,AREA,TERM,VOTE#,LAST,First,BALDESIG,INCUMB,NUM_INC,CAND#,VOTES,WRITEIN,SUMVOTES,TOTVOTES,PERCENT,ELECTED,RVOTES,RUNOFF,CHECKRUNOFF,Multi_RaceID,Multi_CandID,Multi_CO,Indivtotal_votes,Multitotal_votes,Total_writein,Newtotvotes,Rindivto,Newelected
201900251,75,1,3,ALAMEDA,2019,2019-06-04,Dublin Unified,0,SCHOOL BOARD MEMBER,3,SCHOOL BOARD MEMBER,4.0,Short,1,Blackman,Gabrielle,Designer/Parent,N,2,2,588,0,840,840,0.7,1,1.0,0,0,201900075,201900251,0,588,840,0,840,1.0,1
201900252,75,1,3,ALAMEDA,2019,2019-06-04,Dublin Unified,0,SCHOOL BOARD MEMBER,3,SCHOOL BOARD MEMBER,4.0,Short,1,Natarajan,"Niranjana ""Nini""",Coporate Controller,N,2,2,252,0,840,840,0.3,2,2.0,0,0,201900075,201900252,0,252,840,0,840,2.0,2
201900253,76,1,3,ALAMEDA,2019,2019-11-05,Dublin Unified,0,SCHOOL BOARD MEMBER,3,SCHOOL BOARD MEMBER,3.0,Short,1,Kuo,Catherine,Parent,N,2,2,537,0,703,703,0.7638691322901849,1,1.0,0,0,201900076,201900253,0,537,703,0,703,1.0,1
201900254,76,1,3,ALAMEDA,2019,2019-11-05,Dublin Unified,0,SCHOOL BOARD MEMBER,3,SCHOOL BOARD MEMBER,3.0,Short,1,Norrington,Malcolm,Educator/Husband/Father,N,2,2,166,0,703,703,0.2361308677098151,2,2.0,0,0,201900076,201900254,0,166,703,0,703,2.0,2
201900047,15,10,2,FRESNO,2019,2019-03-05,Clovis,0,CITY COUNCIL,2,CITY COUNCIL,,Full,3,Whalen,Bob,Clovis Councilmember/Prosecutor,Y,1,4,7979,116,25018,25134,0.31745842285350523,1,1.0,0,0,201900015,201900047,0,7979,25018,116,25134,1.0,1
201900044,15,10,2,FRESNO,2019,2019-03-05,Clovis,0,CITY COUNCIL,2,CITY COUNCIL,,Full,3,Bessinger,Drew M.,Councilmember/Police Chief,Y,1,4,7629,116,25018,25134,0.3035330627834805,1,2.0,0,0,201900015,201900044,0,7629,25018,116,25134,2.0,1
201900045,15,10,2,FRESNO,2019,2019-03-05,Clovis,0,CITY COUNCIL,2,CITY COUNCIL,,Full,3,Flores,"Jose ""Joe""",Councilmember/Police Chief,Y,1,4,7309,116,25018,25134,0.29080130500517226,1,3.0,0,0,201900015,201900045,0,7309,25018,116,25134,3.0,1
201900046,15,10,2,FRESNO,2019,2019-03-05,Clovis,0,CITY COUNCIL,2,CITY COUNCIL,,Full,3,Rivera,Maeketah,Community Service Officer,N,2,4,2101,116,25018,25134,0.08359194716320523,2,4.0,0,0,201900015,201900046,0,2101,25018,116,25134,4.0,2
201900052,16,10,2,FRESNO,2019,2019-08-13,Fresno,0,CITY COUNCIL,2,CITY COUNCIL,2.0,Short,1,Karbassi,Mike,Small Business Owner,N,2,6,5568,12,9549,9561,0.5823658613115783,1,1.0,0,0,201900016,201900052,0,5568,9549,12,9561,1.0,1
201900049,16,10,2,FRESNO,2019,2019-08-13,Fresno,0,CITY COUNCIL,2,CITY COUNCIL,2.0,Short,1,Garcia,Lawrence D.,Owner/President/CEO,N,2,6,1557,12,9549,9561,0.16284907436460622,2,2.0,0,0,201900016,201900049,0,1557,9549,12,9561,2.0,2
201900050,16,10,2,FRESNO,2019,2019-08-13,Fresno,0,CITY COUNCIL,2,CITY COUNCIL,2.0,Short,1,Gordon,Jared,Business Attorney/Father,N,2,6,1040,12,9549,9561,0.10877523271624306,2,3.0,0,0,201900016,201900050,0,1040,9549,12,9561,3.0,2
201900053,16,10,2,FRESNO,2019,2019-08-13,Fresno,0,CITY COUNCIL,2,CITY COUNCIL,2.0,Short,1,Sandoval,Oscar,Speical Needs Therapist,N,2,6,1036,12,9549,9561,0.10835686643656521,2,4.0,0,0,201900016,201900053,0,1036,9549,12,9561,4.0,2
201900051,16,10,2,FRESNO,2019,2019-08-13,Fresno,0,CITY COUNCIL,2,CITY COUNCIL,2.0,Short,1,Herman,George,Small Business Owner,N,2,6,213,12,9549,9561,0.02227800439284594,2,5.0,0,0,201900016,201900051,0,213,9549,12,9561,5.0,2
201900048,16,10,2,FRESNO,2019,2019-08-13,Fresno,0,CITY COUNCIL,2,CITY COUNCIL,2.0,Short,1,Arballo,Phil,Financial Advisor,N,2,6,135,12,9549,9561,0.01411986193912771,2,6.0,0,0,201900016,201900048,0,135,9549,12,9561,6.0,2
201900001,1,10,1,FRESNO,2019,2019-03-05,Fresno,0,COUNTY SUPERVISOR,1,COUNTY SUPERVISOR,2.0,Full,1,Brandau,Steve,Councilmember/Business Owner,N,2,3,15108,57,26943,27000,0.5595555555555556,1,1.0,0,0,201900001,201900001,0,15108,26943,57,27000,1.0,1
201900003,1,10,1,FRESNO,2019,2019-03-05,Fresno,0,COUNTY SUPERVISOR,1,COUNTY SUPERVISOR,2.0,Full,1,Johnson,Nasreen M.,Marketing Director/Parent,N,2,3,9115,57,26943,27000,0.3375925925925926,2,2.0,0,0,201900001,201900003,0,9115,26943,57,27000,2.0,2
201900002,1,10,1,FRESNO,2019,2019-03-05,Fresno,0,COUNTY SUPERVISOR,1,COUNTY SUPERVISOR,2.0,Full,1,Hosey,Steve,Small Business Owner,N,2,3,2720,57,26943,27000,0.10074074074074074,2,3.0,0,0,201900001,201900002,0,2720,26943,57,27000,3.0,2
201900006,2,13,1,IMPERIAL,2019,2019-11-05,Imperial,1,"DIRECTOR, Bombay Beach CSD",4,CSD/CSA DIRECTOR,,Full,2,Knight,Louis Earl,No Ballot Designation,Y,1,3,24,11,44,55,0.43636363636363634,1,1.0,0,0,201900002,201900006,0,24,44,11,55,1.0,1
201900004,2,13,1,IMPERIAL,2019,2019-11-05,Imperial,1,"DIRECTOR, Bombay Beach CSD",4,CSD/CSA DIRECTOR,,Full,2,Burnell,Michael C.,Retired Deputy Sheriff,N,2,3,12,11,44,55,0.21818181818181817,1,2.0,0,0,201900002,201900004,0,12,44,11,55,2.0,1
201900005,2,13,1,IMPERIAL,2019,2019-11-05,Imperial,1,"DIRECTOR, Bombay Beach CSD",4,CSD/CSA DIRECTOR,,Full,2,Hawkins,Ernest R.,Incumbent,Y,1,3,8,11,44,55,0.14545454545454545,2,3.0,0,0,201900002,201900005,0,8,44,11,55,3.0,2
201900009,3,13,1,IMPERIAL,2019,2019-11-05,Imperial,1,"DIRECTOR, Salton CSD",4,CSD/CSA DIRECTOR,,Full,2,Johnson,Dale R.,Incumbent,Y,1,3,144,0,397,397,0.36272040302267,1,1.0,0,0,201900003,201900009,0,144,397,0,397,1.0,1
201900007,3,13,1,IMPERIAL,2019,2019-11-05,Imperial,1,"DIRECTOR, Salton CSD",4,CSD/CSA DIRECTOR,,Full,2,Aldridge,Mary Fran,Incumbent,Y,1,3,132,0,397,397,0.33249370277078083,1,2.0,0,0,201900003,201900007,0,132,397,0,397,2.0,1
201900008,3,13,1,IMPERIAL,2019,2019-11-05,Imperial,1,"DIRECTOR, Salton CSD",4,CSD/CSA DIRECTOR,,Full,2,Bennett,Gracie J.,Real Estate Broker,N,2,3,121,0,397,397,0.3047858942065491,2,3.0,0,0,201900003,201900008,0,121,397,0,397,3.0,2
201900258,77,13,3,IMPERIAL,2019,2019-11-05,Meadows Union Elementary,0,SCHOOL BOARD MEMBER,3,SCHOOL BOARD MEMBER,,Full,2,Lamoreaux,Margo,Self Employed,N,2,7,48,0,221,221,0.2171945701357466,1,1.0,0,0,201900077,201900258,0,48,221,0,221,1.0,1
201900257,77,13,3,IMPERIAL,2019,2019-11-05,Meadows Union Elementary,0,SCHOOL BOARD MEMBER,3,SCHOOL BOARD MEMBER,,Full,2,Garcia,Roberto,Engineer Technician,N,2,7,40,0,221,221,0.18099547511312217,1,2.0,0,0,201900077,201900257,0,40,221,0,221,2.0,1
201900255,77,13,3,IMPERIAL,2019,2019-11-05,Meadows Union Elementary,0,SCHOOL BOARD MEMBER,3,SCHOOL BOARD MEMBER,,Full,2,Rodriguez,Beatriz Barajas,Incumbent,Y,1,7,34,0,221,221,0.15384615384615385,2,3.5,0,0,201900077,201900255,0,34,221,0,221,3.5,2
201900261,77,13,3,IMPERIAL,2019,2019-11-05,Meadows Union Elementary,0,SCHOOL BOARD MEMBER,3,SCHOOL BOARD MEMBER,,Full,2,Villegas,Brenda,Incumbent,Y,1,7,34,0,221,221,0.15384615384615385,2,3.5,0,0,201900077,201900261,0,34,221,0,221,3.5,2
201900259,77,13,3,IMPERIAL,2019,2019-11-05,Meadows Union Elementary,0,SCHOOL BOARD MEMBER,3,SCHOOL BOARD MEMBER,,Full,2,"Mayes, Jr.","Sterling E. ""Arkie""",Retired Pipefitter Welder,N,2,7,30,0,221,221,0.13574660633484162,2,5.0,0,0,201900077,201900259,0,30,221,0,221,5.0,2
201900260,77,13,3,IMPERIAL,2019,2019-11-05,Meadows Union Elementary,0,SCHOOL BOARD MEMBER,3,SCHOOL BOARD MEMBER,,Full,2,Mora,Sebastian O.,Trucking Owner/Operator,N,2,7,20,0,221,221,0.09049773755656108,2,6.0,0,0,201900077,201900260,0,20,221,0,221,6.0,2
201900256,77,13,3,IMPERIAL,2019,2019-11-05,Meadows Union Elementary,0,SCHOOL BOARD MEMBER,3,SCHOOL BOARD MEMBER,,Full,2,Friedley,"John ""Jack""",Retired Business Owner,N,2,7,15,0,221,221,0.06787330316742081,2,7.0,0,0,201900077,201900256,0,15,221,0,221,7.0,2
201900265,78,18,3,LASSEN,2019,2019-05-07,Lassen Community College,0,SCHOOL BOARD MEMBER,3,SCHOOL BOARD MEMBER,1.0,Full,2,Wages,Sophia A.,Incumbent/Foundation Board,Y,1,5,1856,41,5156,5197,0.3571291129497787,1,1.0,0,0,201900078,201900265,1,1903,10518,43,10561,1.0,1
201900264,78,18,3,LASSEN,2019,2019-05-07,Lassen Community College,0,SCHOOL BOARD MEMBER,3,SCHOOL BOARD MEMBER,1.0,Full,2,Siemer,Alan,Retired Educator,N,2,5,1237,41,5156,5197,0.23802193573215316,1,2.0,0,0,201900078,201900264,1,1257,10518,43,10561,2.0,1
201900262,78,18,3,LASSEN,2019,2019-05-07,Lassen Community College,0,SCHOOL BOARD MEMBER,3,SCHOOL BOARD MEMBER,1.0,Full,2,Hubbard,"BobbyJames ""BJ""",Law Clerk,N,2,5,810,41,5156,5197,0.1558591495093323,2,3.0,0,0,201900078,201900262,1,818,10518,43,10561,3.0,2
201900263,78,18,3,LASSEN,2019,2019-05-07,Lassen Community College,0,SCHOOL BOARD MEMBER,3,SCHOOL BOARD MEMBER,1.0,Full,2,Madden,Veree Joy,Teacher,N,2,5,753,41,5156,5197,0.14489128343274965,2,4.0,0,0,201900078,201900263,1,772,10518,43,10561,4.0,2
201900266,78,18,3,LASSEN,2019,2019-05-07,Lassen Community College,0,SCHOOL BOARD MEMBER,3,SCHOOL BOARD MEMBER,1.0,Full,2,Westbrook,Melanie,Real Estate Broker,N,2,5,500,41,5156,5197,0.09620935154897056,2,5.0,0,0,201900078,201900266,1,509,10518,43,10561,5.0,2
201900054,21,19,2,LOS ANGELES,2019,2019-03-05,Redondo Beach,0,CITY CLERK,6,OTHER CITY OFFICE,,Full,1,Manzano,Eleanor,Redondo Beach City Clerk,Y,1,1,8899,0,8899,8899,1.0,1,1.0,0,0,201900021,201900054,0,8899,8899,0,8899,1.0,1
201900055,25,19,2,LOS ANGELES,2019,2019-03-05,Signal Hill,0,CITY CLERK,6,OTHER CITY OFFICE,,Full,1,Brooks,Carmen,Signal Hill Planning Commissioner,N,2,1,946,0,946,946,1.0,1,1.0,0,0,201900025,201900055,0,946,946,0,946,1.0,1
201900057,17,19,2,LOS ANGELES,2019,2019-03-05,Hidden Hills,0,CITY COUNCIL,2,CITY COUNCIL,,Full,3,McCorkindale,Laura,Businesswoman,N,2,5,284,0,1100,1100,0.2581818181818182,1,1.0,0,0,201900017,201900057,0,284,1100,0,1100,1.0,1
201900060,17,19,2,LOS ANGELES,2019,2019-03-05,Hidden Hills,0,CITY COUNCIL,2,CITY COUNCIL,,Full,3,Weber,Larry G.,Incumbent,Y,1,5,254,0,1100,1100,0.2309090909090909,1,2.0,0,0,201900017,201900060,0,254,1100,0,1100,2.0,1
201900058,17,19,2,LOS ANGELES,2019,2019-03-05,Hidden Hills,0,CITY COUNCIL,2,CITY COUNCIL,,Full,3,Siegel,Stuart,Incumbent,Y,1,5,245,0,1100,1100,0.22272727272727272,1,3.0,0,0,201900017,201900058,0,245,1100,0,1100,3.0,1
201900056,17,19,2,LOS ANGELES,2019,2019-03-05,Hidden Hills,0,CITY COUNCIL,2,CITY COUNCIL,,Full,3,Landon,Marvin,Mayor Pro Tem,Y,1,5,215,0,1100,1100,0.19545454545454546,2,4.0,0,0,201900017,201900056,0,215,1100,0,1100,4.0,2
201900059,17,19,2,LOS ANGELES,2019,2019-03-05,Hidden Hills,0,CITY COUNCIL,2,CITY COUNCIL,,Full,3,Spellman,Deb,MBA/Consultant,N,2,5,102,0,1100,1100,0.09272727272727273,2,5.0,0,0,201900017,201900059,0,102,1100,0,1100,5.0,2
201900063,18,19,2,LOS ANGELES,2019,2019-03-05,Manhattan Beach,0,CITY COUNCIL,2,CITY COUNCIL,,Full,2,Hadley,Suzanne,Non-Profit Treasurer,N,2,7,3111,0,12491,12491,0.2490593227123529,1,1.0,0,0,201900018,201900063,0,3111,12491,0,12491,1.0,1
201900065,18,19,2,LOS ANGELES,2019,2019-03-05,Manhattan Beach,0,CITY COUNCIL,2,CITY COUNCIL,,Full,2,Stern,Hildy,Program Director,N,2,7,2363,0,12491,12491,0.18917620686894565,1,2.0,0,0,201900018,201900065,0,2363,12491,0,12491,2.0,1
201900062,18,19,2,LOS ANGELES,2019,2019-03-05,Manhattan Beach,0,CITY COUNCIL,2,CITY COUNCIL,,Full,2,Franklin,Joe,Businessman,N,2,7,2172,0,12491,12491,0.1738851973420863,2,3.0,0,0,201900018,201900062,0,2172,12491,0,12491,3.0,2
201900061,18,19,2,LOS ANGELES,2019,2019-03-05,Manhattan Beach,0,CITY COUNCIL,2,CITY COUNCIL,,Full,2,Burton,Mark,Municipal Law Attorney,N,2,7,1972,0,12491,12491,0.15787366904171002,2,4.0,0,0,201900018,201900061,0,1972,12491,0,12491,4.0,2
201900064,18,19,2,LOS ANGELES,2019,2019-03-05,Manhattan Beach,0,CITY COUNCIL,2,CITY COUNCIL,,Full,2,Powell,Wayne,Retired Councilmember/CFO,N,2,7,1917,0,12491,12491,0.15347049875910657,2,5.0,0,0,201900018,201900064,0,1917,12491,0,12491,5.0,2
201900067,18,19,2,LOS ANGELES,2019,2019-03-05,Manhattan Beach,0,CITY COUNCIL,2,CITY COUNCIL,,Full,2,Withers,Brian,Dentist,N,2,7,649,0,12491,12491,0.051957409334721,2,6.0,0,0,201900018,201900067,0,649,12491,0,12491,6.0,2
201900066,18,19,2,LOS ANGELES,2019,2019-03-05,Manhattan Beach,0,CITY COUNCIL,2,CITY COUNCIL,,Full,2,Ungoco,Joseph A.,Strategic Communications Consultant,N,2,7,307,0,12491,12491,0.02457769594107758,2,7.0,0,0,201900018,201900066,0,307,12491,0,12491,7.0,2
201900070,19,19,2,LOS ANGELES,2019,2019-03-05,Montebello,0,CITY COUNCIL,2,CITY COUNCIL,,Short,1,Torres,David,Consumer Protection Specialist,N,2,3,2439,0,3804,3804,0.6411671924290221,1,1.0,0,0,201900019,201900070,0,2439,3804,0,3804,1.0,1
201900068,19,19,2,LOS ANGELES,2019,2019-03-05,Montebello,0,CITY COUNCIL,2,CITY COUNCIL,,Short,1,Barajas,Art,Business Owner,N,2,3,1001,0,3804,3804,0.2631440588853838,2,2.0,0,0,201900019,201900068,0,1001,3804,0,3804,2.0,2
201900069,19,19,2,LOS ANGELES,2019,2019-03-05,Montebello,0,CITY COUNCIL,2,CITY COUNCIL,,Short,1,Romero,Vivian,Small Business Owner,N,2,3,364,0,3804,3804,0.09568874868559411,2,3.0,0,0,201900019,201900069,0,364,3804,0,3804,3.0,2
201900072,20,19,2,LOS ANGELES,2019,2019-03-05,Palos Verdes Estates,0,CITY COUNCIL,2,CITY COUNCIL,,Full,3,Kemps,Michael,Businessman/Technologist,N,2,7,2057,0,9876,9876,0.20828270554880518,1,1.0,0,0,201900020,201900072,0,2057,9876,0,9876,1.0,1
201900076,20,19,2,LOS ANGELES,2019,2019-03-05,Palos Verdes Estates,0,CITY COUNCIL,2,CITY COUNCIL,,Full,3,Mcgowan,David,Financial Executive,N,2,7,2040,0,9876,9876,0.2065613608748481,1,2.0,0,0,201900020,201900076,0,2040,9876,0,9876,2.0,1
201900074,20,19,2,LOS ANGELES,2019,2019-03-05,Palos Verdes Estates,0,CITY COUNCIL,2,CITY COUNCIL,,Full,3,Lozzi,Victoria A.,City Treasurer/Banker,N,2,7,1967,0,9876,9876,0.19916970433373835,1,3.0,0,0,201900020,201900074,0,1967,9876,0,9876,3.0,1
201900073,20,19,2,LOS ANGELES,2019,2019-03-05,Palos Verdes Estates,0,CITY COUNCIL,2,CITY COUNCIL,,Full,3,King,Jennifer L.,Incumbent,Y,1,7,1565,0,9876,9876,0.15846496557310652,2,4.0,0,0,201900020,201900073,0,1565,9876,0,9876,4.0,2
201900077,20,19,2,LOS ANGELES,2019,2019-03-05,Palos Verdes Estates,0,CITY COUNCIL,2,CITY COUNCIL,,Full,3,Peterson,Betty Lin,Incumbent,Y,1,7,1164,0,9876,9876,0.11786148238153099,2,5.0,0,0,201900020,201900077,0,1164,9876,0,9876,5.0,2
201900075,20,19,2,LOS ANGELES,2019,2019-03-05,Palos Verdes Estates,0,CITY COUNCIL,2,CITY COUNCIL,,Full,3,Mccarthy,Kevin F.,Law Enforcement Executive,N,2,7,842,0,9876,9876,0.08525718914540299,2,6.0,0,0,201900020,201900075,0,842,9876,0,9876,6.0,2
201900071,20,19,2,LOS ANGELES,2019,2019-03-05,Palos Verdes Estates,0,CITY COUNCIL,2,CITY COUNCIL,,Full,3,Groves,Jeff,Compliance Business Owner,N,2,7,241,0,9876,9876,0.02440259214256784,2,7.0,0,0,201900020,201900071,0,241,9876,0,9876,7.0,2
201900078,22,19,2,LOS ANGELES,2019,2019-03-05,Redondo Beach,0,CITY COUNCIL,2,CITY COUNCIL,3.0,Full,1,Horvarth,Christian Anthony,Redondo Beach Councilmember/Businessman,Y,1,2,1590,0,2892,2892,0.549792531120332,1,1.0,0,0,201900022,201900078,0,1590,2892,0,2892,1.0,1
201900079,22,19,2,LOS ANGELES,2019,2019-03-05,Redondo Beach,0,CITY COUNCIL,2,CITY COUNCIL,3.0,Full,1,Nafissi,Candace Allen,Community Relations Executive,N,2,2,1302,0,2892,2892,0.45020746887966806,2,2.0,0,0,201900022,201900079,0,1302,2892,0,2892,2.0,2
201900080,23,19,2,LOS ANGELES,2019,2019-03-05,Redondo Beach,0,CITY COUNCIL,2,CITY COUNCIL,5.0,Full,1,Emdee,Laura,City Council Member,Y,1,2,1520,0,2405,2405,0.632016632016632,1,1.0,0,0,201900023,201900080,0,1520,2405,0,2405,1.0,1
201900081,23,19,2,LOS ANGELES,2019,2019-03-05,Redondo Beach,0,CITY COUNCIL,2,CITY COUNCIL,5.0,Full,1,Samples,Mel,Public Safety Consultant,N,2,2,885,0,2405,2405,0.367983367983368,2,2.0,0,0,201900023,201900081,0,885,2405,0,2405,2.0,2
201900083,26,19,2,LOS ANGELES,2019,2019-03-05,Signal Hill,0,CITY COUNCIL,2,CITY COUNCIL,,Full,2,Jones,Keir,City Clerk,N,2,3,700,0,1958,1958,0.3575076608784474,1,1.0,0,0,201900026,201900083,0,700,1958,0,1958,1.0,1
201900082,26,19,2,LOS ANGELES,2019,2019-03-05,Signal Hill,0,CITY COUNCIL,2,CITY COUNCIL,,Full,2,Hansen,Tina L.,Signal Hill City Councilmember,Y,1,3,674,0,1958,1958,0.3442288049029622,1,2.0,0,0,201900026,201900082,0,674,1958,0,1958,2.0,1
201900084,26,19,2,LOS ANGELES,2019,2019-03-05,Signal Hill,0,CITY COUNCIL,2,CITY COUNCIL,,Full,2,Wilson,Chris,Planning Commissioner,N,2,3,584,0,1958,1958,0.2982635342185904,2,3.0,0,0,201900026,201900084,0,584,1958,0,1958,3.0,2
201900089,28,19,2,LOS ANGELES,2019,2019-03-05,West Hollywood,0,CITY COUNCIL,2,CITY COUNCIL,,Full,3,Horvath,Lindsey P.,West Hollywood City Councilmember,Y,1,11,3949,0,16230,16230,0.24331484904497844,1,1.0,0,0,201900028,201900089,0,3949,16230,0,16230,1.0,1
201900091,28,19,2,LOS ANGELES,2019,2019-03-05,West Hollywood,0,CITY COUNCIL,2,CITY COUNCIL,,Full,3,Meister,Lauren,West Hollywood City Councilmember,Y,1,11,3616,0,16230,16230,0.22279728897104129,1,2.0,0,0,201900028,201900091,0,3616,16230,0,16230,2.0,1
201900086,28,19,2,LOS ANGELES,2019,2019-03-05,West Hollywood,0,CITY COUNCIL,2,CITY COUNCIL,,Full,3,D'amico,John,West Hollywood City Councilmember,Y,1,11,2441,0,16230,16230,0.15040049291435614,1,3.0,0,0,201900028,201900086,0,2441,16230,0,16230,3.0,1
201900094,28,19,2,LOS ANGELES,2019,2019-03-05,West Hollywood,0,CITY COUNCIL,2,CITY COUNCIL,,Full,3,Shyne,Sepi,Attorney,N,2,11,2300,0,16230,16230,0.14171287738755392,2,4.0,0,0,201900028,201900094,0,2300,16230,0,16230,4.0,2
201900090,28,19,2,LOS ANGELES,2019,2019-03-05,West Hollywood,0,CITY COUNCIL,2,CITY COUNCIL,,Full,3,Mason,James Duke,Public Relations Specialist,N,2,11,1331,0,16230,16230,0.08200862600123228,2,5.0,0,0,201900028,201900090,0,1331,16230,0,16230,5.0,2
201900095,28,19,2,LOS ANGELES,2019,2019-03-05,West Hollywood,0,CITY COUNCIL,2,CITY COUNCIL,,Full,3,Thomas,Marquita,Non-Profit Executive Director,N,2,11,1080,0,16230,16230,0.066543438077634,2,6.0,0,0,201900028,201900095,0,1080,16230,0,16230,6.0,2
201900088,28,19,2,LOS ANGELES,2019,2019-03-05,West Hollywood,0,CITY COUNCIL,2,CITY COUNCIL,,Full,3,Hood,Brendan,Marketing Analytics Director,N,2,11,482,0,16230,16230,0.02969808995686999,2,7.0,0,0,201900028,201900088,0,482,16230,0,16230,7.0,2
201900087,28,19,2,LOS ANGELES,2019,2019-03-05,West Hollywood,0,CITY COUNCIL,2,CITY COUNCIL,,Full,3,Demille,Tom,Artist,N,2,11,336,0,16230,16230,0.02070240295748614,2,8.0,0,0,201900028,201900087,0,336,16230,0,16230,8.0,2
201900092,28,19,2,LOS ANGELES,2019,2019-03-05,West Hollywood,0,CITY COUNCIL,2,CITY COUNCIL,,Full,3,Mooney,Shawn Davis,Senior Living Executive,N,2,11,285,0,16230,16230,0.01756007393715342,2,9.0,0,0,201900028,201900092,0,285,16230,0,16230,9.0,2
201900085,28,19,2,LOS ANGELES,2019,2019-03-05,West Hollywood,0,CITY COUNCIL,2,CITY COUNCIL,,Full,3,Cline,Jack,Registered Nurse,N,2,11,243,0,16230,16230,0.01497227356746765,2,10.0,0,0,201900028,201900085,0,243,16230,0,16230,10.0,2
201900093,28,19,2,LOS ANGELES,2019,2019-03-05,West Hollywood,0,CITY COUNCIL,2,CITY COUNCIL,,Full,3,Schmidt,Eric Jon,Retired Fitness Trainer,N,2,11,167,0,16230,16230,0.01028958718422674,2,11.0,0,0,201900028,201900093,0,167,16230,0,16230,11.0,2
201900100,29,19,2,LOS ANGELES,2019,2019-04-09,Vernon,0,CITY COUNCIL,2,CITY COUNCIL,,Full,1,Menke,Carol R.,"Commision, City of Vernon Housing",N,2,3,48,0,64,64,0.75,1,1.0,0,0,201900029,201900100,0,48,64,0,64,1.0,1
201900099,29,19,2,LOS ANGELES,2019,2019-04-09,Vernon,0,CITY COUNCIL,2,CITY COUNCIL,,Full,1,Acosta,Maria I.,Administrative Assistant,N,2,3,9,0,64,64,0.140625,2,2.0,0,0,201900029,201900099,0,9,64,0,64,2.0,2
201900101,29,19,2,LOS ANGELES,2019,2019-04-09,Vernon,0,CITY COUNCIL,2,CITY COUNCIL,,Full,1,Roberts,Jason C.,"Business Man, Finance Director",N,2,3,7,0,64,64,0.109375,2,3.0,0,0,201900029,201900101,0,7,64,0,64,3.0,2
201900107,30,19,2,LOS ANGELES,2019,2019-04-16,Compton,0,CITY COUNCIL,2,CITY COUNCIL,1.0,Full,1,Zurita,Janna,"Councilwoman District 1, City of Compton",Y,1,6,678,0,1756,1756,0.38610478359908884,3,1.0,1,1,201900030,201900107,0,678,1756,0,1756,1.0,3
201900103,30,19,2,LOS ANGELES,2019,2019-04-16,Compton,0,CITY COUNCIL,2,CITY COUNCIL,1.0,Full,1,Chambers,Michelle,State Field Deputy,N,2,6,404,0,1756,1756,0.23006833712984054,3,2.0,1,1,201900030,201900103,0,404,1756,0,1756,2.0,3
201900105,30,19,2,LOS ANGELES,2019,2019-04-16,Compton,0,CITY COUNCIL,2,CITY COUNCIL,1.0,Full,1,Jackson,"Jasper ""Jay""",Paralegal,N,2,6,351,0,1756,1756,0.19988610478359908,2,3.0,0,0,201900030,201900105,0,351,1756,0,1756,3.0,2
201900102,30,19,2,LOS ANGELES,2019,2019-04-16,Compton,0,CITY COUNCIL,2,CITY COUNCIL,1.0,Full,1,Alatorre,Richard,No Ballot Designation,N,2,6,224,0,1756,1756,0.1275626423690205,2,4.0,0,0,201900030,201900102,0,224,1756,0,1756,4.0,2
201900104,30,19,2,LOS ANGELES,2019,2019-04-16,Compton,0,CITY COUNCIL,2,CITY COUNCIL,1.0,Full,1,Green,Ronald,Business Owner/Investor,N,2,6,58,0,1756,1756,0.03302961275626424,2,5.0,0,0,201900030,201900104,0,58,1756,0,1756,5.0,2
201900106,30,19,2,LOS ANGELES,2019,2019-04-16,Compton,0,CITY COUNCIL,2,CITY COUNCIL,1.0,Full,1,Rodriguez,Francisco,Medical Assistant,N,2,6,41,0,1756,1756,0.02334851936218679,2,6.0,0,0,201900030,201900106,0,41,1756,0,1756,6.0,2
201900109,31,19,2,LOS ANGELES,2019,2019-04-16,Compton,0,CITY COUNCIL,2,CITY COUNCIL,4.0,Full,1,Blakely,Justin A.,Paralegal/Businessman,N,2,3,565,0,1296,1296,0.4359567901234568,3,1.0,1,1,201900031,201900109,0,565,1296,0,1296,1.0,3
201900110,31,19,2,LOS ANGELES,2019,2019-04-16,Compton,0,CITY COUNCIL,2,CITY COUNCIL,4.0,Full,1,Sharif,Emma,City Council Member,Y,1,3,390,0,1296,1296,0.30092592592592593,3,2.0,1,1,201900031,201900110,0,390,1296,0,1296,2.0,3
201900108,31,19,2,LOS ANGELES,2019,2019-04-16,Compton,0,CITY COUNCIL,2,CITY COUNCIL,4.0,Full,1,Adkins,"Inez ""Tootie""",Businesswoman/Business Owner,N,2,3,341,0,1296,1296,0.2631172839506173,2,3.0,0,0,201900031,201900108,0,341,1296,0,1296,3.0,2
201900111,32,19,2,LOS ANGELES,2019,2019-06-04,Compton,0,CITY COUNCIL,2,CITY COUNCIL,1.0,Full,1,Chambers,Michelle,State Field Deputy,N,2,2,1584,0,2353,2353,0.6731831704207395,1,1.0,0,0,201900032,201900111,0,1584,2353,0,2353,1.0,1
201900112,32,19,2,LOS ANGELES,2019,2019-06-04,Compton,0,CITY COUNCIL,2,CITY COUNCIL,1.0,Full,1,Zurita,Janna,"Councilwoman District 1, City of Compton",Y,1,2,769,0,2353,2353,0.3268168295792605,2,2.0,0,0,201900032,201900112,0,769,2353,0,2353,2.0,2
201900114,33,19,2,LOS ANGELES,2019,2019-06-04,Compton,0,CITY COUNCIL,2,CITY COUNCIL,4.0,Full,1,Sharif,Emma,City Council Member,Y,1,2,943,0,1736,1736,0.5432027649769585,1,1.0,0,0,201900033,201900114,0,943,1736,0,1736,1.0,1
201900113,33,19,2,LOS ANGELES,2019,2019-06-04,Compton,0,CITY COUNCIL,2,CITY COUNCIL,4.0,Full,1,Blakely,Justin A.,Paralegal/Businessman,N,2,2,793,0,1736,1736,0.4567972350230415,2,2.0,0,0,201900033,201900113,0,793,1736,0,1736,2.0,2
201900124,34,19,2,LOS ANGELES,2019,2019-06-04,Los Angeles,0,CITY COUNCIL,2,CITY COUNCIL,12.0,Short,1,Lundquist,Loraine,Educator/Scientist/Mother,N,2,15,8635,0,43745,43745,0.19739398788432963,3,1.0,1,1,201900034,201900124,0,8635,43745,0,43745,1.0,3
201900123,34,19,2,LOS ANGELES,2019,2019-06-04,Los Angeles,0,CITY COUNCIL,2,CITY COUNCIL,12.0,Short,1,Lee,John,Parent/Small Businessman,N,2,15,8197,0,43745,43745,0.1873814150188593,3,2.0,1,1,201900034,201900123,0,8197,43745,0,43745,2.0,3
201900115,34,19,2,LOS ANGELES,2019,2019-06-04,Los Angeles,0,CITY COUNCIL,2,CITY COUNCIL,12.0,Short,1,Abrams,Scott,Congressman's Valley Director,N,2,15,5300,0,43745,43745,0.12115670362327123,2,3.0,0,0,201900034,201900115,0,5300,43745,0,43745,3.0,2
201900117,34,19,2,LOS ANGELES,2019,2019-06-04,Los Angeles,0,CITY COUNCIL,2,CITY COUNCIL,12.0,Short,1,Beeber,Jay,Public Policy Director,N,2,15,4169,0,43745,43745,0.09530232026517316,2,4.0,0,0,201900034,201900117,0,4169,43745,0,43745,4.0,2
201900121,34,19,2,LOS ANGELES,2019,2019-06-04,Los Angeles,0,CITY COUNCIL,2,CITY COUNCIL,12.0,Short,1,Ferry,Frank,Educator/Businessman,N,2,15,3791,0,43745,43745,0.08666133272373985,2,5.0,0,0,201900034,201900121,0,3791,43745,0,43745,5.0,2
201900120,34,19,2,LOS ANGELES,2019,2019-06-04,Los Angeles,0,CITY COUNCIL,2,CITY COUNCIL,12.0,Short,1,Dinse,Charles Sean,Police Senior Lead,N,2,15,3149,0,43745,43745,0.0719853697565436,2,6.0,0,0,201900034,201900120,0,3149,43745,0,43745,6.0,2
201900119,34,19,2,LOS ANGELES,2019,2019-06-04,Los Angeles,0,CITY COUNCIL,2,CITY COUNCIL,12.0,Short,1,Daar,Jeff,City Commissioner/Businessman,N,2,15,1668,0,43745,43745,0.03813007200822952,2,7.0,0,0,201900034,201900119,0,1668,43745,0,43745,7.0,2
201900125,34,19,2,LOS ANGELES,2019,2019-06-04,Los Angeles,0,CITY COUNCIL,2,CITY COUNCIL,12.0,Short,1,Maloyan,Stella T.,Nonprofit Executive/Commissioner,N,2,15,1532,0,43745,43745,0.03502114527374557,2,8.0,0,0,201900034,201900125,0,1532,43745,0,43745,8.0,2
201900116,34,19,2,LOS ANGELES,2019,2019-06-04,Los Angeles,0,CITY COUNCIL,2,CITY COUNCIL,12.0,Short,1,Amador,Carlos,Human Rights Advocate,N,2,15,1411,0,43745,43745,0.03225511487027089,2,9.0,0,0,201900034,201900116,0,1411,43745,0,43745,9.0,2
201900127,34,19,2,LOS ANGELES,2019,2019-06-04,Los Angeles,0,CITY COUNCIL,2,CITY COUNCIL,12.0,Short,1,Saario,Brandon,TV Production Member,N,2,15,1406,0,43745,43745,0.0321408160932678,2,10.0,0,0,201900034,201900127,0,1406,43745,0,43745,10.0,2
201900122,34,19,2,LOS ANGELES,2019,2019-06-04,Los Angeles,0,CITY COUNCIL,2,CITY COUNCIL,12.0,Short,1,Kayajian,Jack,City Attorney Administrator,N,2,15,1233,0,43745,43745,0.02818607840896103,2,11.0,0,0,201900034,201900122,0,1233,43745,0,43745,11.0,2
201900128,34,19,2,LOS ANGELES,2019,2019-06-04,Los Angeles,0,CITY COUNCIL,2,CITY COUNCIL,12.0,Short,1,Singh,Navraj,Small Business Owner,N,2,15,987,0,43745,43745,0.02256257858040919,2,12.0,0,0,201900034,201900128,0,987,43745,0,43745,12.0,2
201900118,34,19,2,LOS ANGELES,2019,2019-06-04,Los Angeles,0,CITY COUNCIL,2,CITY COUNCIL,12.0,Short,1,Cho,Annie Eunwoo,Businesswoman,N,2,15,864,0,43745,43745,0.01975082866613327,2,13.0,0,0,201900034,201900118,0,864,43745,0,43745,13.0,2
201900129,34,19,2,LOS ANGELES,2019,2019-06-04,Los Angeles,0,CITY COUNCIL,2,CITY COUNCIL,12.0,Short,1,Yeager,Josh,Public Affairs Executive,N,2,15,734,0,43745,43745,0.01677906046405303,2,14.0,0,0,201900034,201900129,0,734,43745,0,43745,14.0,2
201900126,34,19,2,LOS ANGELES,2019,2019-06-04,Los Angeles,0,CITY COUNCIL,2,CITY COUNCIL,12.0,Short,1,Rab,Raji,Aviator/Educator/Principal,N,2,15,669,0,43745,43745,0.01529317636301292,2,15.0,0,0,201900034,201900126,0,669,43745,0,43745,15.0,2
201900130,35,19,2,LOS ANGELES,2019,2019-08-13,Los Angeles,0,CITY COUNCIL,2,CITY COUNCIL,12.0,Short,1,Lee,John,Parent/Small Businessman,N,2,2,19426,0,37685,37685,0.5154836141700943,1,1.0,0,0,201900035,201900130,0,19426,37685,0,37685,1.0,1
201900131,35,19,2,LOS ANGELES,2019,2019-08-13,Los Angeles,0,CITY COUNCIL,2,CITY COUNCIL,12.0,Short,1,Lundquist,Loraine,Educator/Scientist/Mother,N,2,2,18259,0,37685,37685,0.4845163858299058,2,2.0,0,0,201900035,201900131,0,18259,37685,0,37685,2.0,2
201900132,36,19,2,LOS ANGELES,2019,2019-10-15,Vernon,0,CITY COUNCIL,2,CITY COUNCIL,11.0,Short,1,Gonzales,Diana Morales,No Ballot Designation,N,2,1,36,0,36,36,1.0,1,1.0,0,0,201900036,201900132,0,36,36,0,36,1.0,1
201900133,37,19,2,LOS ANGELES,2019,2019-10-15,Vernon,0,CITY COUNCIL,2,CITY COUNCIL,12.0,Short,1,Gulla,Dennis E.,Retired Business Owner,N,2,1,28,0,28,28,1.0,1,1.0,0,0,201900037,201900133,0,28,28,0,28,1.0,1
201900136,38,19,2,LOS ANGELES,2019,2019-11-05,Hermosa Beach,0,CITY COUNCIL,2,CITY COUNCIL,,Full,2,Massey,Justin,City Councilmember,Y,1,3,2655,0,6583,6583,0.4033115600789913,1,1.0,0,0,201900038,201900136,0,2655,6583,0,6583,1.0,1
201900134,38,19,2,LOS ANGELES,2019,2019-11-05,Hermosa Beach,0,CITY COUNCIL,2,CITY COUNCIL,,Full,2,Detoy,Michael,Firefighter,N,2,3,2545,0,6583,6583,0.3866018532583928,1,2.0,0,0,201900038,201900134,0,2545,6583,0,6583,2.0,1
201900135,38,19,2,LOS ANGELES,2019,2019-11-05,Hermosa Beach,0,CITY COUNCIL,2,CITY COUNCIL,,Full,2,Larson,Trent,Major Accounts Manager,N,2,3,1383,0,6583,6583,0.21008658666261582,2,3.0,0,0,201900038,201900135,0,1383,6583,0,6583,3.0,2
201900138,40,19,2,LOS ANGELES,2019,2019-11-05,La Habra Heights,0,CITY COUNCIL,2,CITY COUNCIL,,Full,2,Laherty,Dennis M.,U.S. Navy Chaplain,N,2,4,701,0,2098,2098,0.3341277407054338,1,1.0,0,0,201900040,201900138,0,701,2098,0,2098,1.0,1
201900140,40,19,2,LOS ANGELES,2019,2019-11-05,La Habra Heights,0,CITY COUNCIL,2,CITY COUNCIL,,Full,2,Williams,Jane L.,Incumbent,Y,1,4,616,0,2098,2098,0.29361296472831266,1,2.0,0,0,201900040,201900140,0,616,2098,0,2098,2.0,1
201900139,40,19,2,LOS ANGELES,2019,2019-11-05,La Habra Heights,0,CITY COUNCIL,2,CITY COUNCIL,,Full,2,Miller,Kyle,Senate Policy Advisor,N,2,4,530,0,2098,2098,0.2526215443279314,2,3.0,0,0,201900040,201900139,0,530,2098,0,2098,3.0,2
201900137,40,19,2,LOS ANGELES,2019,2019-11-05,La Habra Heights,0,CITY COUNCIL,2,CITY COUNCIL,,Full,2,Kimball,Ginarose,Businesswoman/Business Consultant,N,2,4,251,0,2098,2098,0.11963775023832221,2,4.0,0,0,201900040,201900137,0,251,2098,0,2098,4.0,2
201900148,41,19,2,LOS ANGELES,2019,2019-11-05,Long Beach,0,CITY COUNCIL,2,CITY COUNCIL,1.0,Short,1,Zendejas,Mary,Health Care Director,N,2,8,858,0,2723,2723,0.31509364671318396,1,1.0,1,0,201900041,201900148,0,858,2723,0,2723,1.0,1
201900146,41,19,2,LOS ANGELES,2019,2019-11-05,Long Beach,0,CITY COUNCIL,2,CITY COUNCIL,1.0,Short,1,Salgado,Mariela,Small Business Owner,N,2,8,695,0,2723,2723,0.25523319867792876,2,2.0,1,0,201900041,201900146,0,695,2723,0,2723,2.0,2
201900147,41,19,2,LOS ANGELES,2019,2019-11-05,Long Beach,0,CITY COUNCIL,2,CITY COUNCIL,1.0,Short,1,Tagaloa,Misi,Nonprofit Housing Executive,N,2,8,513,0,2723,2723,0.1883951524054352,2,3.0,0,0,201900041,201900147,0,513,2723,0,2723,3.0,2
201900145,41,19,2,LOS ANGELES,2019,2019-11-05,Long Beach,0,CITY COUNCIL,2,CITY COUNCIL,1.0,Short,1,Morquecho,Ray,Small Business Owner,N,2,8,209,0,2723,2723,0.07675358060962174,2,4.0,0,0,201900041,201900145,0,209,2723,0,2723,4.0,2
201900142,41,19,2,LOS ANGELES,2019,2019-11-05,Long Beach,0,CITY COUNCIL,2,CITY COUNCIL,1.0,Short,1,Ganem,Joe,Community Volunteer,N,2,8,162,0,2723,2723,0.059493206022769,2,5.0,0,0,201900041,201900142,0,162,2723,0,2723,5.0,2
201900143,41,19,2,LOS ANGELES,2019,2019-11-05,Long Beach,0,CITY COUNCIL,2,CITY COUNCIL,1.0,Short,1,Gonzales,Elliot,Environmental Media Maker,N,2,8,149,0,2723,2723,0.05471905986044803,2,6.0,0,0,201900041,201900143,0,149,2723,0,2723,6.0,2
201900141,41,19,2,LOS ANGELES,2019,2019-11-05,Long Beach,0,CITY COUNCIL,2,CITY COUNCIL,1.0,Short,1,Black,Shelbyrae,Artist/Travel Coordinator,N,2,8,79,0,2723,2723,0.02901211898641205,2,7.0,0,0,201900041,201900141,0,79,2723,0,2723,7.0,2
201900144,41,19,2,LOS ANGELES,2019,2019-11-05,Long Beach,0,CITY COUNCIL,2,CITY COUNCIL,1.0,Short,1,Huling,Shirley,Homeschooler/Educator/Farmer,N,2,8,58,0,2723,2723,0.02130003672420125,2,8.0,0,0,201900041,201900144,0,58,2723,0,2723,8.0,2
201900151,42,19,2,LOS ANGELES,2019,2019-11-05,Pico Rivera,0,CITY COUNCIL,2,CITY COUNCIL,,Short,1,Sanchez,Monica,Educator/City Commissioner,N,2,4,2220,0,4089,4089,0.5429200293470287,1,1.0,0,0,201900042,201900151,0,2220,4089,0,4089,1.0,1
201900149,42,19,2,LOS ANGELES,2019,2019-11-05,Pico Rivera,0,CITY COUNCIL,2,CITY COUNCIL,,Short,1,Lutz,Erik,Housing Advocate/Businessman,N,2,4,1107,0,4089,4089,0.2707263389581805,2,2.0,0,0,201900042,201900149,0,1107,4089,0,4089,2.0,2
201900150,42,19,2,LOS ANGELES,2019,2019-11-05,Pico Rivera,0,CITY COUNCIL,2,CITY COUNCIL,,Short,1,Rubalcava-Alvarez,Diego,Civil Engineering Technician,N,2,4,642,0,4089,4089,0.15700660308143802,2,3.0,0,0,201900042,201900150,0,642,4089,0,4089,3.0,2
201900152,42,19,2,LOS ANGELES,2019,2019-11-05,Pico Rivera,0,CITY COUNCIL,2,CITY COUNCIL,,Short,1,Soto,Fernando,State Bar Investigator,N,2,4,120,0,4089,4089,0.0293470286133529,2,4.0,0,0,201900042,201900152,0,120,4089,0,4089,4.0,2
201900153,43,19,2,LOS ANGELES,2019,2019-11-05,Rancho Palos Verdes,0,CITY COUNCIL,2,CITY COUNCIL,,Full,3,Bradley,David,Engineer/Planning Commissioner,N,2,5,5023,0,21895,21895,0.22941310801552867,1,1.0,0,0,201900043,201900153,0,5023,21895,0,21895,1.0,1
201900156,43,19,2,LOS ANGELES,2019,2019-11-05,Rancho Palos Verdes,0,CITY COUNCIL,2,CITY COUNCIL,,Full,3,Ferraro,Barbara,Educator,N,2,5,4715,0,21895,21895,0.21534596939940626,1,2.0,0,0,201900043,201900156,0,4715,21895,0,21895,2.0,1
201900154,43,19,2,LOS ANGELES,2019,2019-11-05,Rancho Palos Verdes,0,CITY COUNCIL,2,CITY COUNCIL,,Full,3,Dyda,Ken,City Council Member,Y,1,5,4536,0,21895,21895,0.20717058689198448,1,3.0,0,0,201900043,201900154,0,4536,21895,0,21895,3.0,1
201900155,43,19,2,LOS ANGELES,2019,2019-11-05,Rancho Palos Verdes,0,CITY COUNCIL,2,CITY COUNCIL,,Full,3,Emenhiser,Dave,Businessman,N,2,5,4087,0,21895,21895,0.18666362183146837,2,4.0,0,0,201900043,201900155,0,4087,21895,0,21895,4.0,2
201900157,43,19,2,LOS ANGELES,2019,2019-11-05,Rancho Palos Verdes,0,CITY COUNCIL,2,CITY COUNCIL,,Full,3,Perestam,Stephen,Planning Commissioner/Consultant,N,2,5,3534,0,21895,21895,0.16140671386161223,2,5.0,0,0,201900043,201900157,0,3534,21895,0,21895,5.0,2
201900159,44,19,2,LOS ANGELES,2019,2019-11-05,San Marino,0,CITY COUNCIL,2,CITY COUNCIL,,Full,2,Talt,Steve,Incumbent,Y,1,2,1686,0,3285,3285,0.5132420091324201,1,1.0,0,0,201900044,201900159,0,1686,3285,0,3285,1.0,1
201900158,44,19,2,LOS ANGELES,2019,2019-11-05,San Marino,0,CITY COUNCIL,2,CITY COUNCIL,,Full,2,Huang,Steven,Incumbent,Y,1,2,1599,0,3285,3285,0.4867579908675799,1,2.0,0,0,201900044,201900158,0,1599,3285,0,3285,2.0,1
201900096,24,19,2,LOS ANGELES,2019,2019-03-05,Redondo Beach,0,CITY TREASURER,6,OTHER CITY OFFICE,,Full,1,Diels,Steven,Redondo Beach City Treasurer,Y,1,2,6638,0,10208,10208,0.6502742946708464,1,1.0,0,0,201900024,201900096,0,6638,10208,0,10208,1.0,1
201900097,24,19,2,LOS ANGELES,2019,2019-03-05,Redondo Beach,0,CITY TREASURER,6,OTHER CITY OFFICE,,Full,1,Solomon,Eugene J.,Insurance/Financial Services,N,2,2,3570,0,10208,10208,0.3497257053291536,2,2.0,0,0,201900024,201900097,0,3570,10208,0,10208,2.0,2
201900098,27,19,2,LOS ANGELES,2019,2019-03-05,Signal Hill,0,CITY TREASURER,6,OTHER CITY OFFICE,,Full,1,Hopper,David,Certified Public Accountant,N,2,1,939,0,939,939,1.0,1,1.0,0,0,201900027,201900098,0,939,939,0,939,1.0,1
201900160,39,19,2,LOS ANGELES,2019,2019-11-05,Hermosa Beach,0,CITY TREASURER,6,OTHER CITY OFFICE,,Full,1,Nowicki,Karen S.,City Treasurer/CPA,Y,1,1,3033,0,3033,3033,1.0,1,1.0,0,0,201900039,201900160,0,3033,3033,0,3033,1.0,1
201900269,79,19,3,LOS ANGELES,2019,2019-03-05,Los Angeles Unified,0,SCHOOL BOARD MEMBER,3,SCHOOL BOARD MEMBER,5.0,Full,1,Goldberg,Jackie,Teacher,N,2,10,15935,0,33074,33074,0.4817983914857592,3,1.0,1,1,201900079,201900269,0,15935,33074,0,33074,1.0,3
201900272,79,19,3,LOS ANGELES,2019,2019-03-05,Los Angeles Unified,0,SCHOOL BOARD MEMBER,3,SCHOOL BOARD MEMBER,5.0,Full,1,Repenning,Heather,Parent/City Commissioner,N,2,10,4341,0,33074,33074,0.13125113382112838,3,2.0,1,1,201900079,201900272,0,4341,33074,0,33074,2.0,3
201900271,79,19,3,LOS ANGELES,2019,2019-03-05,Los Angeles Unified,0,SCHOOL BOARD MEMBER,3,SCHOOL BOARD MEMBER,5.0,Full,1,Ortiz,"Graciela ""Grace""",Educator/City Councilmember,N,2,10,4310,0,33074,33074,0.13031384168833524,2,3.0,0,0,201900079,201900271,0,4310,33074,0,33074,3.0,2
201900270,79,19,3,LOS ANGELES,2019,2019-03-05,Los Angeles Unified,0,SCHOOL BOARD MEMBER,3,SCHOOL BOARD MEMBER,5.0,Full,1,Gonzalez,Cynthia,Principal/Parent,N,2,10,3230,0,33074,33074,0.09765979319102619,2,4.0,0,0,201900079,201900270,0,3230,33074,0,33074,4.0,2
201900267,79,19,3,LOS ANGELES,2019,2019-03-05,Los Angeles Unified,0,SCHOOL BOARD MEMBER,3,SCHOOL BOARD MEMBER,5.0,Full,1,Bajracharya,Allison Greenwood,Educator/Parent,N,2,10,1986,0,33074,33074,0.06004716695894056,2,5.0,0,0,201900079,201900267,0,1986,33074,0,33074,5.0,2
201900268,79,19,3,LOS ANGELES,2019,2019-03-05,Los Angeles Unified,0,SCHOOL BOARD MEMBER,3,SCHOOL BOARD MEMBER,5.0,Full,1,Cubas,Ana,Professor/Non-Profit Executive,N,2,10,1145,0,33074,33074,0.03461933845316563,2,6.0,0,0,201900079,201900268,0,1145,33074,0,33074,6.0,2
201900275,79,19,3,LOS ANGELES,2019,2019-03-05,Los Angeles Unified,0,SCHOOL BOARD MEMBER,3,SCHOOL BOARD MEMBER,5.0,Full,1,Valdez,David,Los Angeles County Arts Commissioner,N,2,10,678,0,33074,33074,0.02049948600108847,2,7.0,0,0,201900079,201900275,0,678,33074,0,33074,7.0,2
201900273,79,19,3,LOS ANGELES,2019,2019-03-05,Los Angeles Unified,0,SCHOOL BOARD MEMBER,3,SCHOOL BOARD MEMBER,5.0,Full,1,Rivas,Roc√≠o,Mother/Educational Researcher,N,2,10,545,0,33074,33074,0.01647820039910504,2,8.0,0,0,201900079,201900273,0,545,33074,0,33074,8.0,2
201900274,79,19,3,LOS ANGELES,2019,2019-03-05,Los Angeles Unified,0,SCHOOL BOARD MEMBER,3,SCHOOL BOARD MEMBER,5.0,Full,1,Sanchez,"Salvador ""Chamba""",Professor/Community Activist,N,2,10,522,0,33074,33074,0.01578279010703271,2,9.0,0,0,201900079,201900274,0,522,33074,0,33074,9.0,2
201900276,79,19,3,LOS ANGELES,2019,2019-03-05,Los Angeles Unified,0,SCHOOL BOARD MEMBER,3,SCHOOL BOARD MEMBER,5.0,Full,1,Valencia,Nestor Enrique,Councilmember/Parent,N,2,10,382,0,33074,33074,0.01154985789441858,2,10.0,0,0,201900079,201900276,0,382,33074,0,33074,10.0,2
201900277,80,19,3,LOS ANGELES,2019,2019-03-05,Redondo Beach Unified,0,SCHOOL BOARD MEMBER,3,SCHOOL BOARD MEMBER,,Full,2,Flinn,Raymur Elizabeth,Executive Director RBEF,N,2,2,7439,0,13128,13128,0.5666514320536259,1,1.0,0,0,201900080,201900277,0,7439,13128,0,13128,1.0,1
201900278,80,19,3,LOS ANGELES,2019,2019-03-05,Redondo Beach Unified,0,SCHOOL BOARD MEMBER,3,SCHOOL BOARD MEMBER,,Full,2,Witkin,David,Incumbent,Y,1,2,5689,0,13128,13128,0.43334856794637416,1,2.0,0,0,201900080,201900278,0,5689,13128,0,13128,2.0,1
201900279,81,19,3,LOS ANGELES,2019,2019-05-14,Los Angeles Unified,0,SCHOOL BOARD MEMBER,3,SCHOOL BOARD MEMBER,5.0,Full,1,Goldberg,Jackie,Teacher,N,2,2,20552,0,28805,28805,0.7134872417982989,1,1.0,0,0,201900081,201900279,0,20552,28805,0,28805,1.0,1
201900280,81,19,3,LOS ANGELES,2019,2019-05-14,Los Angeles Unified,0,SCHOOL BOARD MEMBER,3,SCHOOL BOARD MEMBER,5.0,Full,1,Repenning,Heather,Parent/City Commissioner,N,2,2,8253,0,28805,28805,0.2865127582017011,2,2.0,0,0,201900081,201900280,0,8253,28805,0,28805,2.0,2
201900161,45,21,2,MARIN,2019,2019-11-05,Fairfax,0,CITY CLERK,6,OTHER CITY OFFICE,,Full,1,Gardner,Michelle,Incumbent,Y,1,1,1995,0,1995,1995,1.0,1,1.0,0,0,201900045,201900161,0,1995,1995,0,1995,1.0,1
201900162,51,21,2,MARIN,2019,2019-11-05,San Anselmo,0,CITY CLERK,6,OTHER CITY OFFICE,,Full,1,Kacmar,Carla,Incumbent,Y,1,1,3133,0,3133,3133,1.0,1,1.0,0,0,201900051,201900162,0,3133,3133,0,3133,1.0,1
201900163,46,21,2,MARIN,2019,2019-11-05,Fairfax,0,CITY COUNCIL,2,CITY COUNCIL,,Full,2,Goddard,Renee L.,Incumbent,Y,1,3,1627,0,4181,4181,0.38914135374312364,1,1.0,0,0,201900046,201900163,0,1627,4181,0,4181,1.0,1
201900164,46,21,2,MARIN,2019,2019-11-05,Fairfax,0,CITY COUNCIL,2,CITY COUNCIL,,Full,2,Hellman,Stephanie,Nonprofit Coordinator,N,2,3,1292,0,4181,4181,0.3090169815833533,1,2.0,0,0,201900046,201900164,0,1292,4181,0,4181,2.0,1
201900165,46,21,2,MARIN,2019,2019-11-05,Fairfax,0,CITY COUNCIL,2,CITY COUNCIL,,Full,2,Swift,Cindy,Retired Program Manager,N,2,3,1262,0,4181,4181,0.3018416646735231,2,3.0,0,0,201900046,201900165,0,1262,4181,0,4181,3.0,2
201900167,48,21,2,MARIN,2019,2019-11-05,Novato,0,CITY COUNCIL,2,CITY COUNCIL,1.0,Full,1,Wernick,Susan,Novato Planning Commissioner,N,2,2,1511,0,2679,2679,0.5640164240388205,1,1.0,0,0,201900048,201900167,0,1511,2679,0,2679,1.0,1
201900166,48,21,2,MARIN,2019,2019-11-05,Novato,0,CITY COUNCIL,2,CITY COUNCIL,1.0,Full,1,Petray,Jim,Certified Public Accountant,N,2,2,1168,0,2679,2679,0.43598357596117954,2,2.0,0,0,201900048,201900166,0,1168,2679,0,2679,2.0,2
201900168,49,21,2,MARIN,2019,2019-11-05,Novato,0,CITY COUNCIL,2,CITY COUNCIL,3.0,Full,1,Lucan,Eric,Councilmember/Local Businessman,Y,1,2,1656,0,2115,2115,0.7829787234042553,1,1.0,0,0,201900049,201900168,0,1656,2115,0,2115,1.0,1
201900169,49,21,2,MARIN,2019,2019-11-05,Novato,0,CITY COUNCIL,2,CITY COUNCIL,3.0,Full,1,Morrison,Kevin,Community Nonprofit Consultant,N,2,2,459,0,2115,2115,0.2170212765957447,2,2.0,0,0,201900049,201900169,0,459,2115,0,2115,2.0,2
201900172,50,21,2,MARIN,2019,2019-11-05,Novato,0,CITY COUNCIL,2,CITY COUNCIL,5.0,Full,1,Peele,Amy,Retired Clinical Director,N,2,3,1029,0,1983,1983,0.518910741301059,1,1.0,0,0,201900050,201900172,0,1029,1983,0,1983,1.0,1
201900171,50,21,2,MARIN,2019,2019-11-05,Novato,0,CITY COUNCIL,2,CITY COUNCIL,5.0,Full,1,Hoch,Marie K.,Businessperson/HOA Director,N,2,3,857,0,1983,1983,0.43217347453353505,2,2.0,0,0,201900050,201900171,0,857,1983,0,1983,2.0,2
201900170,50,21,2,MARIN,2019,2019-11-05,Novato,0,CITY COUNCIL,2,CITY COUNCIL,5.0,Full,1,Galliani,Melissa,Sales Manager/Mother,N,2,3,97,0,1983,1983,0.04891578416540595,2,3.0,0,0,201900050,201900170,0,97,1983,0,1983,3.0,2
201900173,52,21,2,MARIN,2019,2019-11-05,San Anselmo,0,CITY COUNCIL,2,CITY COUNCIL,,Full,2,Burdo,Steve,Public Information Officer,N,2,4,2522,0,7082,7082,0.3561140920643886,1,1.0,0,0,201900052,201900173,0,2522,7082,0,7082,1.0,1
201900174,52,21,2,MARIN,2019,2019-11-05,San Anselmo,0,CITY COUNCIL,2,CITY COUNCIL,,Full,2,Greene,Ford,Town Councilmember,Y,1,4,2031,0,7082,7082,0.2867833945213217,1,2.0,0,0,201900052,201900174,0,2031,7082,0,7082,2.0,1
201900176,52,21,2,MARIN,2019,2019-11-05,San Anselmo,0,CITY COUNCIL,2,CITY COUNCIL,,Full,2,Pipkin,Kim,Idea Marketing Consultant,N,2,4,1963,0,7082,7082,0.27718158712228186,2,3.0,0,0,201900052,201900176,0,1963,7082,0,7082,3.0,2
201900175,52,21,2,MARIN,2019,2019-11-05,San Anselmo,0,CITY COUNCIL,2,CITY COUNCIL,,Full,2,King,Tom,Writer/Hospital Representative,N,2,4,566,0,7082,7082,0.07992092629200791,2,4.0,0,0,201900052,201900175,0,566,7082,0,7082,4.0,2
201900177,47,21,2,MARIN,2019,2019-11-05,Fairfax,0,CITY TREASURER,6,OTHER CITY OFFICE,,Full,1,Garvin,Janet,Incumbent,Y,1,1,1942,0,1942,1942,1.0,1,1.0,0,0,201900047,201900177,0,1942,1942,0,1942,1.0,1
201900178,53,21,2,MARIN,2019,2019-11-05,San Anselmo,0,CITY TREASURER,6,OTHER CITY OFFICE,,Full,1,Dahlgren,Elizabeth,Incumbent,Y,1,1,3095,0,3095,3095,1.0,1,1.0,0,0,201900053,201900178,0,3095,3095,0,3095,1.0,1
201900284,82,25,3,MODOC,2019,2019-05-07,Lassen Community College,0,SCHOOL BOARD MEMBER,3,SCHOOL BOARD MEMBER,1.0,Full,2,Wages,Sophia A.,Incumbent/Foundation Board,Y,1,5,47,2,103,105,0.44761904761904764,1,1.0,0,0,201900078,201900265,1,1903,10518,43,10561,1.0,1
201900283,82,25,3,MODOC,2019,2019-05-07,Lassen Community College,0,SCHOOL BOARD MEMBER,3,SCHOOL BOARD MEMBER,1.0,Full,2,Siemer,Alan,Retired Educator,N,2,5,20,2,103,105,0.19047619047619047,1,2.0,0,0,201900078,201900264,1,1257,10518,43,10561,2.0,1
201900282,82,25,3,MODOC,2019,2019-05-07,Lassen Community College,0,SCHOOL BOARD MEMBER,3,SCHOOL BOARD MEMBER,1.0,Full,2,Madden,Veree Joy,Teacher,N,2,5,19,2,103,105,0.18095238095238095,2,3.0,0,0,201900078,201900263,1,772,10518,43,10561,4.0,2
201900285,82,25,3,MODOC,2019,2019-05-07,Lassen Community College,0,SCHOOL BOARD MEMBER,3,SCHOOL BOARD MEMBER,1.0,Full,2,Westbrook,Melanie,Real Estate Broker,N,2,5,9,2,103,105,0.08571428571428572,2,4.0,0,0,201900078,201900266,1,509,10518,43,10561,5.0,2
201900281,82,25,3,MODOC,2019,2019-05-07,Lassen Community College,0,SCHOOL BOARD MEMBER,3,SCHOOL BOARD MEMBER,1.0,Full,2,Hubbard,"BobbyJames ""BJ""",Law Clerk,N,2,5,8,2,103,105,0.0761904761904762,2,5.0,0,0,201900078,201900262,1,818,10518,43,10561,3.0,2
201900180,54,30,2,ORANGE,2019,2019-01-29,Seal Beach,0,CITY COUNCIL,2,CITY COUNCIL,1.0,Full,1,Kalmick,Joe,Retired Business Owner,Y,1,2,1003,0,1555,1555,0.645016077170418,1,1.0,0,0,201900054,201900180,0,1003,1555,0,1555,1.0,1
201900179,54,30,2,ORANGE,2019,2019-01-29,Seal Beach,0,CITY COUNCIL,2,CITY COUNCIL,1.0,Full,1,Amundson,Peter,Small Businessman,N,2,2,552,0,1555,1555,0.35498392282958197,2,2.0,0,0,201900054,201900179,0,552,1555,0,1555,2.0,2
201900183,55,30,2,ORANGE,2019,2019-11-05,San Clemente,0,CITY COUNCIL,2,CITY COUNCIL,,Full,1,James,Gene,Security Consultant,N,2,5,8253,0,15026,15026,0.5492479701850126,1,1.0,0,0,201900055,201900183,0,8253,15026,0,15026,1.0,1
201900182,55,30,2,ORANGE,2019,2019-11-05,San Clemente,0,CITY COUNCIL,2,CITY COUNCIL,,Full,1,Hinkle,Jackson,Marketing Specialist,N,2,5,4683,0,15026,15026,0.31165978969785707,2,2.0,0,0,201900055,201900182,0,4683,15026,0,15026,2.0,2
201900181,55,30,2,ORANGE,2019,2019-11-05,San Clemente,0,CITY COUNCIL,2,CITY COUNCIL,,Full,1,Coleman,Dee,Chief Executive Officer,N,2,5,785,0,15026,15026,0.0522427791827499,2,3.0,0,0,201900055,201900181,0,785,15026,0,15026,3.0,2
201900185,55,30,2,ORANGE,2019,2019-11-05,San Clemente,0,CITY COUNCIL,2,CITY COUNCIL,,Full,1,Selter,Christina,Small Business Owner,N,2,5,667,0,15026,15026,0.04438972447757221,2,4.0,0,0,201900055,201900185,0,667,15026,0,15026,4.0,2
201900184,55,30,2,ORANGE,2019,2019-11-05,San Clemente,0,CITY COUNCIL,2,CITY COUNCIL,,Full,1,Mclane,Michael (Mickey),Retired Business Person,N,2,5,638,0,15026,15026,0.0424597364568082,2,5.0,0,0,201900055,201900184,0,638,15026,0,15026,5.0,2
201900186,56,30,2,ORANGE,2019,2019-11-05,Santa Ana,0,CITY COUNCIL,2,CITY COUNCIL,4.0,Short,1,Bacerra,Phil,Small Business Owner,N,2,6,3815,0,13908,13908,0.27430255967788325,1,1.0,1,0,201900056,201900186,0,3815,13908,0,13908,1.0,1
201900187,56,30,2,ORANGE,2019,2019-11-05,Santa Ana,0,CITY COUNCIL,2,CITY COUNCIL,4.0,Short,1,Escamilla,Manny,Urban Planner,N,2,6,3666,0,13908,13908,0.2635893011216566,2,2.0,1,0,201900056,201900187,0,3666,13908,0,13908,2.0,2
201900188,56,30,2,ORANGE,2019,2019-11-05,Santa Ana,0,CITY COUNCIL,2,CITY COUNCIL,4.0,Short,1,Mendoza,Beatriz,Victim Assisstance Specialist,N,2,6,3324,0,13908,13908,0.23899913718723037,2,3.0,0,0,201900056,201900188,0,3324,13908,0,13908,3.0,2
201900190,56,30,2,ORANGE,2019,2019-11-05,Santa Ana,0,CITY COUNCIL,2,CITY COUNCIL,4.0,Short,1,Oliver Jr,Gale,Bishop/Pastor,N,2,6,1424,0,13908,13908,0.10238711532930687,2,4.0,0,0,201900056,201900190,0,1424,13908,0,13908,4.0,2
201900189,56,30,2,ORANGE,2019,2019-11-05,Santa Ana,0,CITY COUNCIL,2,CITY COUNCIL,4.0,Short,1,Oliva,Jennifer,Business Owner,N,2,6,1154,0,13908,13908,0.08297382801265459,2,5.0,0,0,201900056,201900189,0,1154,13908,0,13908,5.0,2
201900191,56,30,2,ORANGE,2019,2019-11-05,Santa Ana,0,CITY COUNCIL,2,CITY COUNCIL,4.0,Short,1,Sisco,Brandon,Business Owner/Entrepreneur,N,2,6,525,0,13908,13908,0.03774805867126833,2,6.0,0,0,201900056,201900191,0,525,13908,0,13908,6.0,2
201900016,4,30,1,ORANGE,2019,2019-03-12,Orange,0,COUNTY SUPERVISOR,1,COUNTY SUPERVISOR,3.0,Short,1,Wagner,Donald P.,Mayor of Irvine,N,2,7,30240,0,72008,72008,0.4199533385179425,1,1.0,1,0,201900004,201900016,0,30240,72008,0,72008,1.0,1
201900015,4,30,1,ORANGE,2019,2019-03-12,Orange,0,COUNTY SUPERVISOR,1,COUNTY SUPERVISOR,3.0,Short,1,Sanchez,Loretta,Educator/Small Businesswoman,N,2,7,26708,0,72008,72008,0.370903232974114,2,2.0,1,0,201900004,201900015,0,26708,72008,0,72008,2.0,2
201900013,4,30,1,ORANGE,2019,2019-03-12,Orange,0,COUNTY SUPERVISOR,1,COUNTY SUPERVISOR,3.0,Short,1,Murray,"Kristine ""Kris""",Orange County Business Owner,N,2,7,5338,0,72008,72008,0.07413065214976114,2,3.0,0,0,201900004,201900013,0,5338,72008,0,72008,3.0,2
201900010,4,30,1,ORANGE,2019,2019-03-12,Orange,0,COUNTY SUPERVISOR,1,COUNTY SUPERVISOR,3.0,Short,1,Bales,Larry,Retired,N,2,7,3912,0,72008,72008,0.05432729696700367,2,4.0,0,0,201900004,201900010,0,3912,72008,0,72008,4.0,2
201900014,4,30,1,ORANGE,2019,2019-03-12,Orange,0,COUNTY SUPERVISOR,1,COUNTY SUPERVISOR,3.0,Short,1,Pauly,Deborah,Businesswoman,N,2,7,3847,0,72008,72008,0.0534246194867237,2,5.0,0,0,201900004,201900014,0,3847,72008,0,72008,5.0,2
201900012,4,30,1,ORANGE,2019,2019-03-12,Orange,0,COUNTY SUPERVISOR,1,COUNTY SUPERVISOR,3.0,Short,1,Bayliss,"Kim-thy ""Katie"" Hoang",Attorney/Businessowner/Mother,N,2,7,1366,0,72008,72008,0.01897011443172981,2,6.0,0,0,201900004,201900012,0,1366,72008,0,72008,6.0,2
201900011,4,30,1,ORANGE,2019,2019-03-12,Orange,0,COUNTY SUPERVISOR,1,COUNTY SUPERVISOR,3.0,Short,1,Daigle,Katherine,Small Business Owner,N,2,7,597,0,72008,72008,0.00829074547272525,2,7.0,0,0,201900004,201900011,0,597,72008,0,72008,7.0,2
201900289,83,30,3,ORANGE,2019,2019-11-05,Santa Ana Unified,0,SCHOOL BOARD MEMBER,3,SCHOOL BOARD MEMBER,,Short,1,Torres,Carolyn,Teacher,N,2,4,4924,0,10493,10493,0.46926522443533786,1,1.0,1,0,201900082,201900284,0,4924,10493,0,10493,1.0,1
201900287,83,30,3,ORANGE,2019,2019-11-05,Santa Ana Unified,0,SCHOOL BOARD MEMBER,3,SCHOOL BOARD MEMBER,,Short,1,Benavides,David,Education Non-Profit Director,N,2,4,3226,0,10493,10493,0.3074430572762794,2,2.0,1,0,201900082,201900282,0,3226,10493,0,10493,2.0,2
201900288,83,30,3,ORANGE,2019,2019-11-05,Santa Ana Unified,0,SCHOOL BOARD MEMBER,3,SCHOOL BOARD MEMBER,,Short,1,Contreras,Gisela,Parent/Businesswoman,N,2,4,1406,0,10493,10493,0.1339940912989612,2,3.0,0,0,201900082,201900283,0,1406,10493,0,10493,3.0,2
201900286,83,30,3,ORANGE,2019,2019-11-05,Santa Ana Unified,0,SCHOOL BOARD MEMBER,3,SCHOOL BOARD MEMBER,,Short,1,Aguinaga,Cecilia,Businessowner/Housing Commissioner,N,2,4,937,0,10493,10493,0.08929762698942152,2,4.0,0,0,201900082,201900281,0,937,10493,0,10493,4.0,2
201900192,57,33,2,RIVERSIDE,2019,2019-06-04,Riverside,0,CITY COUNCIL,2,CITY COUNCIL,1.0,Full,1,Edwards,Erin,Nonprofit Manager,N,2,3,2175,0,5064,5064,0.42950236966824645,3,1.0,1,1,201900057,201900192,0,2175,5064,0,5064,1.0,3
201900194,57,33,2,RIVERSIDE,2019,2019-06-04,Riverside,0,CITY COUNCIL,2,CITY COUNCIL,1.0,Full,1,Gardner,Mike,Ward 1 Councilmember,Y,1,3,1840,0,5064,5064,0.36334913112164297,3,2.0,1,1,201900057,201900194,0,1840,5064,0,5064,2.0,3
201900193,57,33,2,RIVERSIDE,2019,2019-06-04,Riverside,0,CITY COUNCIL,2,CITY COUNCIL,1.0,Full,1,Falcone,Philip,Non-Profit Professional,N,2,3,1049,0,5064,5064,0.20714849921011058,2,3.0,0,0,201900057,201900193,0,1049,5064,0,5064,3.0,2
201900196,58,33,2,RIVERSIDE,2019,2019-06-04,Riverside,0,CITY COUNCIL,2,CITY COUNCIL,3.0,Full,1,Fierro,Ronaldo,Restaurateur/Business Owner,N,2,7,1942,0,5622,5622,0.34542867307008185,3,1.0,1,1,201900058,201900196,0,1942,5622,0,5622,1.0,3
201900195,58,33,2,RIVERSIDE,2019,2019-06-04,Riverside,0,CITY COUNCIL,2,CITY COUNCIL,3.0,Full,1,Avery,Warren,Businessman,N,2,7,1848,0,5622,5622,0.3287086446104589,3,2.0,1,1,201900058,201900195,0,1848,5622,0,5622,2.0,3
201900199,58,33,2,RIVERSIDE,2019,2019-06-04,Riverside,0,CITY COUNCIL,2,CITY COUNCIL,3.0,Full,1,Rubio,Richard,Government Relations Officer,N,2,7,926,0,5622,5622,0.16471006759160442,2,3.0,0,0,201900058,201900199,0,926,5622,0,5622,3.0,2
201900197,58,33,2,RIVERSIDE,2019,2019-06-04,Riverside,0,CITY COUNCIL,2,CITY COUNCIL,3.0,Full,1,Martin,"Darryl ""Jalani Bakari""",Educator/Grant Facilitator,N,2,7,623,0,5622,5622,0.11081465670579865,2,4.0,0,0,201900058,201900197,0,623,5622,0,5622,4.0,2
201900200,58,33,2,RIVERSIDE,2019,2019-06-04,Riverside,0,CITY COUNCIL,2,CITY COUNCIL,3.0,Full,1,Skiles,Wayne J.,Businessman/Gemologist,N,2,7,180,0,5622,5622,0.032017075773746,2,5.0,0,0,201900058,201900200,0,180,5622,0,5622,5.0,2
201900198,58,33,2,RIVERSIDE,2019,2019-06-04,Riverside,0,CITY COUNCIL,2,CITY COUNCIL,3.0,Full,1,Pelgone,Lori Ann,Analyst,N,2,7,79,0,5622,5622,0.01405193881181074,2,6.0,0,0,201900058,201900198,0,79,5622,0,5622,6.0,2
201900201,58,33,2,RIVERSIDE,2019,2019-06-04,Riverside,0,CITY COUNCIL,2,CITY COUNCIL,3.0,Full,1,Taken,Stevie,Tenant Relations Manager,N,2,7,24,0,5622,5622,0.00426894343649947,2,7.0,0,0,201900058,201900201,0,24,5622,0,5622,7.0,2
201900203,59,33,2,RIVERSIDE,2019,2019-06-04,Riverside,0,CITY COUNCIL,2,CITY COUNCIL,5.0,Full,1,Mill,Sean,Businessman/Coach,N,2,3,1984,0,4436,4436,0.4472497745716862,3,1.0,1,1,201900059,201900203,0,1984,4436,0,4436,1.0,3
201900204,59,33,2,RIVERSIDE,2019,2019-06-04,Riverside,0,CITY COUNCIL,2,CITY COUNCIL,5.0,Full,1,Plascencia,Gaby,Educator/Youth Counselor,N,2,3,1788,0,4436,4436,0.4030658250676285,3,2.0,1,1,201900059,201900204,0,1788,4436,0,4436,2.0,3
201900202,59,33,2,RIVERSIDE,2019,2019-06-04,Riverside,0,CITY COUNCIL,2,CITY COUNCIL,5.0,Full,1,Armas,Jos√©,Business Operator Supervisor,N,2,3,664,0,4436,4436,0.1496844003606853,2,3.0,0,0,201900059,201900202,0,664,4436,0,4436,3.0,2
201900206,60,33,2,RIVERSIDE,2019,2019-06-04,Riverside,0,CITY COUNCIL,2,CITY COUNCIL,7.0,Full,1,Hemenway,Steve,Educator/Finance Director,N,2,6,1248,0,2766,2766,0.4511930585683297,3,1.0,1,1,201900060,201900206,0,1248,2766,0,2766,1.0,3
201900208,60,33,2,RIVERSIDE,2019,2019-06-04,Riverside,0,CITY COUNCIL,2,CITY COUNCIL,7.0,Full,1,Pearce,William D.,Educator,N,2,6,866,0,2766,2766,0.31308749096167754,3,2.0,1,1,201900060,201900208,0,866,2766,0,2766,2.0,3
201900210,60,33,2,RIVERSIDE,2019,2019-06-04,Riverside,0,CITY COUNCIL,2,CITY COUNCIL,7.0,Full,1,Torres Jr,Rodrigo,Small Business Owner,N,2,6,333,0,2766,2766,0.12039045553145336,2,3.0,0,0,201900060,201900210,0,333,2766,0,2766,3.0,2
201900205,60,33,2,RIVERSIDE,2019,2019-06-04,Riverside,0,CITY COUNCIL,2,CITY COUNCIL,7.0,Full,1,Denilofs,John Dave,Retired Taxi Driver,N,2,6,135,0,2766,2766,0.04880694143167028,2,4.0,0,0,201900060,201900205,0,135,2766,0,2766,4.0,2
201900209,60,33,2,RIVERSIDE,2019,2019-06-04,Riverside,0,CITY COUNCIL,2,CITY COUNCIL,7.0,Full,1,Rossouw,Maartin,Small Business Owner,N,2,6,96,0,2766,2766,0.03470715835140998,2,5.0,0,0,201900060,201900209,0,96,2766,0,2766,5.0,2
201900207,60,33,2,RIVERSIDE,2019,2019-06-04,Riverside,0,CITY COUNCIL,2,CITY COUNCIL,7.0,Full,1,Jordan,Thomas L.,IT Professional,N,2,6,88,0,2766,2766,0.03181489515545915,2,6.0,0,0,201900060,201900207,0,88,2766,0,2766,6.0,2
201900212,61,33,2,RIVERSIDE,2019,2019-08-27,Cathedral City,0,CITY COUNCIL,2,CITY COUNCIL,1.0,Short,1,Lamb,Rita,Retired School Administrator,N,2,2,645,0,1251,1251,0.5155875299760192,1,1.0,0,0,201900061,201900212,0,645,1251,0,1251,1.0,1
201900211,61,33,2,RIVERSIDE,2019,2019-08-27,Cathedral City,0,CITY COUNCIL,2,CITY COUNCIL,1.0,Short,1,Kaplan,Shelley,Higher Education Consultant,N,2,2,606,0,1251,1251,0.4844124700239808,2,2.0,0,0,201900061,201900211,0,606,1251,0,1251,2.0,2
201900213,62,33,2,RIVERSIDE,2019,2019-11-05,Palm Springs,0,CITY COUNCIL,2,CITY COUNCIL,1.0,Full,1,Garner,Grace Elena,Attorney,N,2,4,843,0,1693,1693,0.49793266391021856,1,1.0,1,0,201900062,201900213,0,843,1693,0,1693,1.0,1
201900216,62,33,2,RIVERSIDE,2019,2019-11-05,Palm Springs,0,CITY COUNCIL,2,CITY COUNCIL,1.0,Full,1,Young,Les,Retired Banker,N,2,4,546,0,1693,1693,0.3225044300059067,2,2.0,1,0,201900062,201900216,0,546,1693,0,1693,2.0,2
201900214,62,33,2,RIVERSIDE,2019,2019-11-05,Palm Springs,0,CITY COUNCIL,2,CITY COUNCIL,1.0,Full,1,Myer,Scott,Civil Rights Attorney,N,2,4,269,0,1693,1693,0.15888954518606024,2,3.0,0,0,201900062,201900214,0,269,1693,0,1693,3.0,2
201900215,62,33,2,RIVERSIDE,2019,2019-11-05,Palm Springs,0,CITY COUNCIL,2,CITY COUNCIL,1.0,Full,1,Shogren,Michael,Real Estate Agent,N,2,4,35,0,1693,1693,0.02067336089781453,2,4.0,0,0,201900062,201900215,0,35,1693,0,1693,4.0,2
201900219,63,33,2,RIVERSIDE,2019,2019-11-05,Palm Springs,0,CITY COUNCIL,2,CITY COUNCIL,2.0,Full,1,Woods,Dennis,Transportation-Urban Planner,N,2,3,1261,0,2326,2326,0.5421324161650903,1,1.0,0,0,201900063,201900219,0,1261,2326,0,2326,1.0,1
201900217,63,33,2,RIVERSIDE,2019,2019-11-05,Palm Springs,0,CITY COUNCIL,2,CITY COUNCIL,2.0,Full,1,Alcantar,Adrian,Small Business Owner,N,2,3,584,0,2326,2326,0.2510748065348237,2,2.0,0,0,201900063,201900217,0,584,2326,0,2326,2.0,2
201900218,63,33,2,RIVERSIDE,2019,2019-11-05,Palm Springs,0,CITY COUNCIL,2,CITY COUNCIL,2.0,Full,1,Maietta,Peter J.,Businessman/Design Consultant,N,2,3,481,0,2326,2326,0.206792777300086,2,3.0,0,0,201900063,201900218,0,481,2326,0,2326,3.0,2
201900221,64,33,2,RIVERSIDE,2019,2019-11-05,Palm Springs,0,CITY COUNCIL,2,CITY COUNCIL,3.0,Full,1,Kors,Geoff,Palm Springs Councilmember,N,2,3,1564,0,2053,2053,0.7618119824646858,1,1.0,0,0,201900064,201900221,0,1564,2053,0,2053,1.0,1
201900222,64,33,2,RIVERSIDE,2019,2019-11-05,Palm Springs,0,CITY COUNCIL,2,CITY COUNCIL,3.0,Full,1,Pettit,"Alan ""Alfie""",Entertainer/Drag Queen,N,2,3,356,0,2053,2053,0.1734047735021919,2,2.0,0,0,201900064,201900222,0,356,2053,0,2053,2.0,2
201900220,64,33,2,RIVERSIDE,2019,2019-11-05,Palm Springs,0,CITY COUNCIL,2,CITY COUNCIL,3.0,Full,1,Dilger,Michael J.,Gig Economy Worker,N,2,3,133,0,2053,2053,0.06478324403312226,2,3.0,0,0,201900064,201900220,0,133,2053,0,2053,3.0,2
201900223,65,33,2,RIVERSIDE,2019,2019-11-05,Riverside,0,CITY COUNCIL,2,CITY COUNCIL,1.0,Full,1,Edwards,Erin,Nonprofit Manager,N,2,2,3150,0,5120,5120,0.615234375,1,1.0,0,0,201900065,201900223,0,3150,5120,0,5120,1.0,1
201900224,65,33,2,RIVERSIDE,2019,2019-11-05,Riverside,0,CITY COUNCIL,2,CITY COUNCIL,1.0,Full,1,Gardner,Mike,Ward 1 Councilmember,Y,1,2,1970,0,5120,5120,0.384765625,2,2.0,0,0,201900065,201900224,0,1970,5120,0,5120,2.0,2
201900226,66,33,2,RIVERSIDE,2019,2019-11-05,Riverside,0,CITY COUNCIL,2,CITY COUNCIL,3.0,Full,1,Fierro,Ronaldo,Business Owner/Restaurateur,N,2,2,2926,0,5528,5528,0.5293053545586107,1,1.0,0,0,201900066,201900226,0,2926,5528,0,5528,1.0,1
201900225,66,33,2,RIVERSIDE,2019,2019-11-05,Riverside,0,CITY COUNCIL,2,CITY COUNCIL,3.0,Full,1,Avery,Warren,Businessman,N,2,2,2602,0,5528,5528,0.4706946454413893,2,2.0,0,0,201900066,201900225,0,2602,5528,0,5528,2.0,2
201900228,67,33,2,RIVERSIDE,2019,2019-11-05,Riverside,0,CITY COUNCIL,2,CITY COUNCIL,5.0,Full,1,Plascencia,Gaby,Educator/Youth Counselor,N,2,2,2406,0,4590,4590,0.5241830065359477,1,1.0,0,0,201900067,201900228,0,2406,4590,0,4590,1.0,1
201900227,67,33,2,RIVERSIDE,2019,2019-11-05,Riverside,0,CITY COUNCIL,2,CITY COUNCIL,5.0,Full,1,Mill,Sean,Businessman,N,2,2,2184,0,4590,4590,0.47581699346405226,2,2.0,0,0,201900067,201900227,0,2184,4590,0,4590,2.0,2
201900229,68,33,2,RIVERSIDE,2019,2019-11-05,Riverside,0,CITY COUNCIL,2,CITY COUNCIL,7.0,Full,1,Hemenway,Steve,Educator/Finance Director,N,2,2,1651,0,3018,3018,0.5470510271703115,1,1.0,0,0,201900068,201900229,0,1651,3018,0,3018,1.0,1
201900230,68,33,2,RIVERSIDE,2019,2019-11-05,Riverside,0,CITY COUNCIL,2,CITY COUNCIL,7.0,Full,1,Pearce,William D.,Educator,N,2,2,1367,0,3018,3018,0.45294897282968855,2,2.0,0,0,201900068,201900230,0,1367,3018,0,3018,2.0,2
201900291,84,33,3,RIVERSIDE,2019,2019-05-07,Moreno Valley Unified,0,SCHOOL BOARD MEMBER,3,SCHOOL BOARD MEMBER,5.0,Short,1,Peeden,Darrell A.,Youth Policy Advocate,N,2,5,770,0,2121,2121,0.36303630363036304,1,1.0,1,0,201900083,201900286,0,770,2121,0,2121,1.0,1
201900290,84,33,3,RIVERSIDE,2019,2019-05-07,Moreno Valley Unified,0,SCHOOL BOARD MEMBER,3,SCHOOL BOARD MEMBER,5.0,Short,1,Ashley,John,Chief Technology Officer,N,2,5,544,0,2121,2121,0.2564827911362565,2,2.0,1,0,201900083,201900285,0,544,2121,0,2121,2.0,2
201900293,84,33,3,RIVERSIDE,2019,2019-05-07,Moreno Valley Unified,0,SCHOOL BOARD MEMBER,3,SCHOOL BOARD MEMBER,5.0,Short,1,Then,Keri A.,Educator,N,2,5,479,0,2121,2121,0.22583686940122583,2,3.0,0,0,201900083,201900288,0,479,2121,0,2121,3.0,2
201900294,84,33,3,RIVERSIDE,2019,2019-05-07,Moreno Valley Unified,0,SCHOOL BOARD MEMBER,3,SCHOOL BOARD MEMBER,5.0,Short,1,Sanchez,Patricia Vargas,County Worker,N,2,5,253,0,2121,2121,0.11928335690711929,2,4.0,0,0,201900083,201900289,0,253,2121,0,2121,4.0,2
201900292,84,33,3,RIVERSIDE,2019,2019-05-07,Moreno Valley Unified,0,SCHOOL BOARD MEMBER,3,SCHOOL BOARD MEMBER,5.0,Short,1,Schoelles,George F,CEO/Instructor,N,2,5,75,0,2121,2121,0.03536067892503536,2,5.0,0,0,201900083,201900287,0,75,2121,0,2121,5.0,2
201900296,85,33,3,RIVERSIDE,2019,2019-06-04,Palo Verde Community College,0,SCHOOL BOARD MEMBER,3,SCHOOL BOARD MEMBER,1.0,Full,1,Hyduke II,Ned William,General Manager,N,2,3,404,0,933,933,0.4330117899249732,1,1.0,1,0,201900084,201900291,0,404,933,0,933,1.0,1
201900295,85,33,3,RIVERSIDE,2019,2019-06-04,Palo Verde Community College,0,SCHOOL BOARD MEMBER,3,SCHOOL BOARD MEMBER,1.0,Full,1,Fulmer,Heather L.,Office Manager,N,2,3,333,0,933,933,0.35691318327974275,2,2.0,1,0,201900084,201900290,0,333,933,0,933,2.0,2
201900297,85,33,3,RIVERSIDE,2019,2019-06-04,Palo Verde Community College,0,SCHOOL BOARD MEMBER,3,SCHOOL BOARD MEMBER,1.0,Full,1,Schuster,Judy A.,Retired,N,2,3,196,0,933,933,0.21007502679528403,2,3.0,0,0,201900084,201900292,0,196,933,0,933,3.0,2
201900300,86,33,3,RIVERSIDE,2019,2019-11-05,Banning Unified,0,SCHOOL BOARD MEMBER,3,SCHOOL BOARD MEMBER,1.0,Short,1,Sattler,Leslie,Retired Teacher,N,2,3,1259,0,1973,1973,0.638114546376077,1,1.0,0,0,201900085,201900295,0,1259,1973,0,1973,1.0,1
201900299,86,33,3,RIVERSIDE,2019,2019-11-05,Banning Unified,0,SCHOOL BOARD MEMBER,3,SCHOOL BOARD MEMBER,1.0,Short,1,Moyer,George Edward,Appointed Incumbent,Y,1,3,644,0,1973,1973,0.3264064875823619,2,2.0,0,0,201900085,201900294,0,644,1973,0,1973,2.0,2
201900298,86,33,3,RIVERSIDE,2019,2019-11-05,Banning Unified,0,SCHOOL BOARD MEMBER,3,SCHOOL BOARD MEMBER,1.0,Short,1,Kalani,John,Entertainment Technician,N,2,3,70,0,1973,1973,0.03547896604156108,2,3.0,0,0,201900085,201900293,0,70,1973,0,1973,3.0,2
201900302,87,33,3,RIVERSIDE,2019,2019-11-05,Banning Unified,0,SCHOOL BOARD MEMBER,3,SCHOOL BOARD MEMBER,2.0,Full,1,Anguiano,Mayra,Case Manager/Parent,N,2,2,240,0,297,297,0.8080808080808081,1,1.0,0,0,201900086,201900297,0,240,297,0,297,1.0,1
201900301,87,33,3,RIVERSIDE,2019,2019-11-05,Banning Unified,0,SCHOOL BOARD MEMBER,3,SCHOOL BOARD MEMBER,2.0,Full,1,Andrade,Alfredo,Incumbent,Y,1,2,57,0,297,297,0.1919191919191919,2,2.0,0,0,201900086,201900296,0,57,297,0,297,2.0,2
201900304,88,33,3,RIVERSIDE,2019,2019-11-05,Banning Unified,0,SCHOOL BOARD MEMBER,3,SCHOOL BOARD MEMBER,3.0,Full,1,Troutman,Laura,No Ballot Designation,N,2,2,277,0,415,415,0.6674698795180722,1,1.0,0,0,201900087,201900299,0,277,415,0,415,1.0,1
201900303,88,33,3,RIVERSIDE,2019,2019-11-05,Banning Unified,0,SCHOOL BOARD MEMBER,3,SCHOOL BOARD MEMBER,3.0,Full,1,Mariner,Kerri,Incumbent,Y,1,2,138,0,415,415,0.3325301204819277,2,2.0,0,0,201900087,201900298,0,138,415,0,415,2.0,2
201900232,69,36,2,SAN BERNARDINO,2019,2019-05-07,San Bernardino,0,CITY COUNCIL,2,CITY COUNCIL,3.0,Full,1,Figueroa,Juan,Medical Social Worker,N,2,3,952,0,1394,1394,0.6829268292682927,1,1.0,0,0,201900069,201900232,0,952,1394,0,1394,1.0,1
201900233,69,36,2,SAN BERNARDINO,2019,2019-05-07,San Bernardino,0,CITY COUNCIL,2,CITY COUNCIL,3.0,Full,1,Ortiz,Treasure,Community Engagement Strategist,N,2,3,378,0,1394,1394,0.27116212338593976,2,2.0,0,0,201900069,201900233,0,378,1394,0,1394,2.0,2
201900231,69,36,2,SAN BERNARDINO,2019,2019-05-07,San Bernardino,0,CITY COUNCIL,2,CITY COUNCIL,3.0,Full,1,Aguirre,Anthony R.,No Ballot Designation,N,2,3,64,0,1394,1394,0.04591104734576758,2,3.0,0,0,201900069,201900231,0,64,1394,0,1394,3.0,2
201900305,89,36,3,SAN BERNARDINO,2019,2019-11-05,Victor Valley Union High,0,SCHOOL BOARD MEMBER,3,SCHOOL BOARD MEMBER,2.0,Short,1,Castaneda,Caleb,Community College Instructor,N,2,3,665,0,1320,1320,0.5037878787878788,1,1.0,0,0,201900088,201900300,0,665,1320,0,1320,1.0,1
201900307,89,36,3,SAN BERNARDINO,2019,2019-11-05,Victor Valley Union High,0,SCHOOL BOARD MEMBER,3,SCHOOL BOARD MEMBER,2.0,Short,1,Crosby,Lisa Ann,Substitute Teacher,N,2,3,418,0,1320,1320,0.31666666666666665,2,2.0,0,0,201900088,201900302,0,418,1320,0,1320,2.0,2
201900306,89,36,3,SAN BERNARDINO,2019,2019-11-05,Victor Valley Union High,0,SCHOOL BOARD MEMBER,3,SCHOOL BOARD MEMBER,2.0,Short,1,Cooker,J Margaret,No Ballot Designation,N,2,3,237,0,1320,1320,0.17954545454545454,2,3.0,0,0,201900088,201900301,0,237,1320,0,1320,3.0,2
201900017,5,38,1,SAN FRANCISCO,2019,2019-11-05,San Francisco,0,CITY ATTORNEY,5,OTHER COUNTY OFFICE,,Full,1,Herrera,Dennis J.,City Attorney,Y,1,1,161369,0,161369,161369,1.0,1,1.0,0,0,201900005,201900017,0,161369,161369,0,161369,1.0,1
201900018,6,38,1,SAN FRANCISCO,2019,2019-11-05,San Francisco,0,COUNTY SUPERVISOR,1,COUNTY SUPERVISOR,5.0,Full,1,Brown,Vallie,District 5 Supervisor,Y,1,4,11171,0,23473,23473,0.4759084906062284,1,1.0,1,0,201900006,201900018,0,11171,23473,0,23473,1.0,1
201900021,6,38,1,SAN FRANCISCO,2019,2019-11-05,San Francisco,0,COUNTY SUPERVISOR,1,COUNTY SUPERVISOR,5.0,Full,1,Preston,Dean,Nonprofit Housing Attorney,N,2,4,11119,0,23473,23473,0.47369317939760575,2,2.0,1,0,201900006,201900021,0,11119,23473,0,23473,2.0,2
201900019,6,38,1,SAN FRANCISCO,2019,2019-11-05,San Francisco,0,COUNTY SUPERVISOR,1,COUNTY SUPERVISOR,5.0,Full,1,Lam,Ryan,Local Political Journalist,N,2,4,918,0,23473,23473,0.03910876325991565,2,3.0,0,0,201900006,201900019,0,918,23473,0,23473,3.0,2
201900020,6,38,1,SAN FRANCISCO,2019,2019-11-05,San Francisco,0,COUNTY SUPERVISOR,1,COUNTY SUPERVISOR,5.0,Full,1,O'Meara,Nomvula,Film Producer,N,2,4,265,0,23473,23473,0.01128956673625016,2,4.0,0,0,201900006,201900020,0,265,23473,0,23473,4.0,2
201900022,7,38,1,SAN FRANCISCO,2019,2019-11-05,San Francisco,0,DISTRICT ATTORNEY,5,OTHER COUNTY OFFICE,,Full,1,Boudin,Chesa,Deputy Public Defender,N,2,4,68575,0,189053,189053,0.36272897018296457,1,1.0,1,0,201900007,201900022,0,68575,189053,0,189053,1.0,1
201900024,7,38,1,SAN FRANCISCO,2019,2019-11-05,San Francisco,0,DISTRICT ATTORNEY,5,OTHER COUNTY OFFICE,,Full,1,Loftus,Suzy,"Legal Counsel, City & County of San Francisco",N,2,4,56698,0,189053,189053,0.29990531755645244,2,2.0,1,0,201900007,201900024,0,56698,189053,0,189053,2.0,2
201900025,7,38,1,SAN FRANCISCO,2019,2019-11-05,San Francisco,0,DISTRICT ATTORNEY,5,OTHER COUNTY OFFICE,,Full,1,Tung,Nancy,Deputy District Attorney,N,2,4,37022,0,189053,189053,0.19582868296192074,2,3.0,0,0,201900007,201900025,0,37022,189053,0,189053,3.0,2
201900023,7,38,1,SAN FRANCISCO,2019,2019-11-05,San Francisco,0,DISTRICT ATTORNEY,5,OTHER COUNTY OFFICE,,Full,1,Dautch,Leif,Deputy Attorney General,N,2,4,26758,0,189053,189053,0.14153702929866227,2,4.0,0,0,201900007,201900023,0,26758,189053,0,189053,4.0,2
201900026,8,38,1,SAN FRANCISCO,2019,2019-11-05,San Francisco,0,MAYOR,5,OTHER COUNTY,,Full,1,Breed,London N.,Mayor of San Francisco,Y,1,6,125500,7,177485,177492,0.7070741216505533,1,1.0,0,0,201900008,201900026,0,125500,177485,7,177492,1.0,1
201900031,8,38,1,SAN FRANCISCO,2019,2019-11-05,San Francisco,0,MAYOR,5,OTHER COUNTY,,Full,1,Zhou,Ellen Lee,Behavioral Health Clinician,N,2,6,24667,7,177485,177492,0.1389752777589976,2,2.0,0,0,201900008,201900031,0,24667,177485,7,177492,2.0,2
201900030,8,38,1,SAN FRANCISCO,2019,2019-11-05,San Francisco,0,MAYOR,5,OTHER COUNTY,,Full,1,Ventresca,Joel,Retired Airport Analyst,N,2,6,12850,7,177485,177492,0.07239762918892119,2,3.0,0,0,201900008,201900030,0,12850,177485,7,177492,3.0,2
201900029,8,38,1,SAN FRANCISCO,2019,2019-11-05,San Francisco,0,MAYOR,5,OTHER COUNTY,,Full,1,Robertson,Paul Ybarra,Self Employed,N,2,6,7472,7,177485,177492,0.04209767200775246,2,4.0,0,0,201900008,201900029,0,7472,177485,7,177492,4.0,2
201900028,8,38,1,SAN FRANCISCO,2019,2019-11-05,San Francisco,0,MAYOR,5,OTHER COUNTY,,Full,1,Pang,Wilma,Retired Music Professor,N,2,6,4675,7,177485,177492,0.02633921528857639,2,5.0,0,0,201900008,201900028,0,4675,177485,7,177492,5.0,2
201900027,8,38,1,SAN FRANCISCO,2019,2019-11-05,San Francisco,0,MAYOR,5,OTHER COUNTY,,Full,1,"Jordan, Jr.",Robert L.,No Ballot Designation,N,2,6,2321,7,177485,177492,0.01307664570797557,2,6.0,0,0,201900008,201900027,0,2321,177485,7,177492,6.0,2
201900032,9,38,1,SAN FRANCISCO,2019,2019-11-05,San Francisco,0,PUBLIC DEFENDER,5,OTHER COUNTY OFFICE,,Full,1,Raju,"Manohar ""Mano""",Appointed Public Defender,Y,1,1,158560,0,158560,158560,1.0,1,1.0,0,0,201900009,201900032,0,158560,158560,0,158560,1.0,1
201900308,90,38,3,SAN FRANCISCO,2019,2019-11-05,San Francisco Community College,0,SCHOOL BOARD MEMBER,3,SCHOOL BOARD MEMBER,,Full,1,Lee,Ivy,Appointed City College Trustee,Y,1,1,157858,0,157858,157858,1.0,1,1.0,0,0,201900089,201900303,0,157858,157858,0,157858,1.0,1
201900310,91,38,3,SAN FRANCISCO,2019,2019-11-05,San Francisco County Office of Education,0,SCHOOL BOARD MEMBER,3,SCHOOL BOARD MEMBER,,Full,1,Lam,Jenny,School Board Member/Education Advisor to San Francisco Mayor,Y,1,3,121154,0,164585,164585,0.7361181152595923,1,1.0,0,0,201900090,201900305,0,121154,164585,0,164585,1.0,1
201900311,91,38,3,SAN FRANCISCO,2019,2019-11-05,San Francisco County Office of Education,0,SCHOOL BOARD MEMBER,3,SCHOOL BOARD MEMBER,,Full,1,Strobel,Kirsten,"Director, Arts Nonprofit",N,2,3,26036,0,164585,164585,0.15819181577908073,2,2.0,0,0,201900090,201900306,0,26036,164585,0,164585,2.0,2
201900309,91,38,3,SAN FRANCISCO,2019,2019-11-05,San Francisco County Office of Education,0,SCHOOL BOARD MEMBER,3,SCHOOL BOARD MEMBER,,Full,1,Coleman,Robert K.,Editor/Artist,N,2,3,17395,0,164585,164585,0.10569006896132697,2,3.0,0,0,201900090,201900304,0,17395,164585,0,164585,3.0,2
201900033,10,38,1,SAN FRANCISCO,2019,2019-11-05,San Francisco,0,SHERIFF,5,OTHER COUNTY OFFICE,,Full,1,Miyamoto,Paul,Chief Deputy Sheriff,N,2,1,146628,0,146628,146628,1.0,1,1.0,0,0,201900010,201900033,0,146628,146628,0,146628,1.0,1
201900034,11,38,1,SAN FRANCISCO,2019,2019-11-05,San Francisco,0,TREASURER,5,OTHER COUNTY OFFICE,,Full,1,Cisneros,Jos√©,San Francisco Treasurer,Y,1,1,152703,0,152703,152703,1.0,1,1.0,0,0,201900011,201900034,0,152703,152703,0,152703,1.0,1
201900234,70,41,2,SAN MATEO,2019,2019-11-05,Brisbane,0,CITY COUNCIL,2,CITY COUNCIL,,Full,2,Davis,Madison,Incumbent,Y,1,2,766,0,1525,1525,0.5022950819672131,1,1.0,0,0,201900070,201900234,0,766,1525,0,1525,1.0,1
201900235,70,41,2,SAN MATEO,2019,2019-11-05,Brisbane,0,CITY COUNCIL,2,CITY COUNCIL,,Full,2,O'Connell,Terry,Incumbent,Y,1,2,759,0,1525,1525,0.4977049180327869,1,2.0,0,0,201900070,201900235,0,759,1525,0,1525,2.0,1
201900236,71,41,2,SAN MATEO,2019,2019-11-05,Burlingame,0,CITY COUNCIL,2,CITY COUNCIL,,Full,2,Beach,Emily,City of Burlingame Vice Mayor,Y,1,3,4045,0,10569,10569,0.38272305799981077,1,1.0,0,0,201900071,201900236,0,4045,10569,0,10569,1.0,1
201900237,71,41,2,SAN MATEO,2019,2019-11-05,Burlingame,0,CITY COUNCIL,2,CITY COUNCIL,,Full,2,Colson,Donna,City of Burlingame Mayor,Y,1,3,3830,0,10569,10569,0.3623805468823919,1,2.0,0,0,201900071,201900237,0,3830,10569,0,10569,2.0,1
201900238,71,41,2,SAN MATEO,2019,2019-11-05,Burlingame,0,CITY COUNCIL,2,CITY COUNCIL,,Full,2,Dunham,Mike,Education Consultant,N,2,3,2694,0,10569,10569,0.2548963951177973,2,3.0,0,0,201900071,201900238,0,2694,10569,0,10569,3.0,2
201900240,72,41,2,SAN MATEO,2019,2019-11-05,San Bruno,0,CITY COUNCIL,2,CITY COUNCIL,,Full,2,Mason,Linda,Attorney,N,2,4,3996,0,13511,13511,0.2957590111760787,1,1.0,0,0,201900072,201900240,0,3996,13511,0,13511,1.0,1
201900241,72,41,2,SAN MATEO,2019,2019-11-05,San Bruno,0,CITY COUNCIL,2,CITY COUNCIL,,Full,2,Medina,Marty,Incumbent,Y,1,4,3777,0,13511,13511,0.27954999629931165,1,2.0,0,0,201900072,201900241,0,3777,13511,0,13511,2.0,1
201900239,72,41,2,SAN MATEO,2019,2019-11-05,San Bruno,0,CITY COUNCIL,2,CITY COUNCIL,,Full,2,Marshall,Stephan A,Businessman/Realtor,N,2,4,2904,0,13511,13511,0.2149359780919251,2,3.0,0,0,201900072,201900239,0,2904,13511,0,13511,3.0,2
201900242,72,41,2,SAN MATEO,2019,2019-11-05,San Bruno,0,CITY COUNCIL,2,CITY COUNCIL,,Full,2,O'Connell,Irene,Incumbent,Y,1,4,2834,0,13511,13511,0.2097550144326845,2,4.0,0,0,201900072,201900242,0,2834,13511,0,13511,4.0,2
201900313,92,41,3,SAN MATEO,2019,2019-11-05,San Mateo-Foster City Elementary,0,SCHOOL BOARD MEMBER,3,SCHOOL BOARD MEMBER,,Full,2,Proctor,Alison,CPA/Parent,N,2,3,8929,0,25369,25369,0.3519649966494541,1,1.0,0,0,201900091,201900308,0,8929,25369,0,25369,1.0,1
201900312,92,41,3,SAN MATEO,2019,2019-11-05,San Mateo-Foster City Elementary,0,SCHOOL BOARD MEMBER,3,SCHOOL BOARD MEMBER,,Full,2,Chin,Ken,Appointed Incumbent,Y,1,3,8326,0,25369,25369,0.32819582955575705,1,2.0,0,0,201900091,201900307,0,8326,25369,0,25369,2.0,1
201900314,92,41,3,SAN MATEO,2019,2019-11-05,San Mateo-Foster City Elementary,0,SCHOOL BOARD MEMBER,3,SCHOOL BOARD MEMBER,,Full,2,Tsai,Annie,Businesswoman/Parent,N,2,3,8114,0,25369,25369,0.31983917379478893,2,3.0,0,0,201900091,201900309,0,8114,25369,0,25369,3.0,2
201900245,73,42,2,SANTA BARBARA,2019,2019-11-05,Santa Barbara,0,CITY COUNCIL,2,CITY COUNCIL,1.0,Full,1,Gutierrez,Alejandra,Community Liaison,N,2,3,963,0,2018,2018,0.47720515361744303,1,1.0,1,0,201900073,201900245,0,963,2018,0,2018,1.0,1
201900244,73,42,2,SANTA BARBARA,2019,2019-11-05,Santa Barbara,0,CITY COUNCIL,2,CITY COUNCIL,1.0,Full,1,Dominguez,Jason,City Councilmeber/Educator,Y,1,3,955,0,2018,2018,0.4732408325074331,2,2.0,1,0,201900073,201900244,0,955,2018,0,2018,2.0,2
201900243,73,42,2,SANTA BARBARA,2019,2019-11-05,Santa Barbara,0,CITY COUNCIL,2,CITY COUNCIL,1.0,Full,1,Cruz,Cruzito Herrera,Income Tax Preparer,N,2,3,100,0,2018,2018,0.04955401387512388,2,3.0,0,0,201900073,201900243,0,100,2018,0,2018,3.0,2
201900249,74,42,2,SANTA BARBARA,2019,2019-11-05,Santa Barbara,0,CITY COUNCIL,2,CITY COUNCIL,2.0,Full,1,Jordan,Mike,Businessman/Planning Commissioner,N,2,5,1509,0,4076,4076,0.37021589793915605,1,1.0,1,0,201900074,201900249,0,1509,4076,0,4076,1.0,1
201900247,74,42,2,SANTA BARBARA,2019,2019-11-05,Santa Barbara,0,CITY COUNCIL,2,CITY COUNCIL,2.0,Full,1,Campbell,Brian,Realtor,N,2,5,1128,0,4076,4076,0.27674190382728164,2,2.0,1,0,201900074,201900247,0,1128,4076,0,4076,2.0,2
201900250,74,42,2,SANTA BARBARA,2019,2019-11-05,Santa Barbara,0,CITY COUNCIL,2,CITY COUNCIL,2.0,Full,1,Jory,Teri,Small Business Owner,N,2,5,759,0,4076,4076,0.18621197252208047,2,3.0,0,0,201900074,201900250,0,759,4076,0,4076,3.0,2
201900246,74,42,2,SANTA BARBARA,2019,2019-11-05,Santa Barbara,0,CITY COUNCIL,2,CITY COUNCIL,2.0,Full,1,Boise,Tavis,Lead Lifeguard EMT,N,2,5,375,0,4076,4076,0.09200196270853778,2,4.0,0,0,201900074,201900246,0,375,4076,0,4076,4.0,2
201900248,74,42,2,SANTA BARBARA,2019,2019-11-05,Santa Barbara,0,CITY COUNCIL,2,CITY COUNCIL,2.0,Full,1,Esparza,Luis,Attorney/Broker,N,2,5,305,0,4076,4076,0.07482826300294407,2,5.0,0,0,201900074,201900248,0,305,4076,0,4076,5.0,2
201900036,12,49,1,SONOMA,2019,2019-11-05,Sonoma,1,"DIRECTOR, Occidental CSD",4,CSD/CSA DIRECTOR,,Full,3,Lunardi,Ray,Incumbent,Y,1,4,668,0,2044,2044,0.3268101761252446,1,1.0,0,0,201900012,201900036,0,668,2044,0,2044,1.0,1
201900037,12,49,1,SONOMA,2019,2019-11-05,Sonoma,1,"DIRECTOR, Occidental CSD",4,CSD/CSA DIRECTOR,,Full,3,Mcneal,Steven,Incumbent,Y,1,4,561,0,2044,2044,0.2744618395303327,1,2.0,0,0,201900012,201900037,0,561,2044,0,2044,2.0,1
201900035,12,49,1,SONOMA,2019,2019-11-05,Sonoma,1,"DIRECTOR, Occidental CSD",4,CSD/CSA DIRECTOR,,Full,3,Brown,Coy,Incumbent,Y,1,4,436,0,2044,2044,0.21330724070450097,1,3.0,0,0,201900012,201900035,0,436,2044,0,2044,3.0,1
201900038,12,49,1,SONOMA,2019,2019-11-05,Sonoma,1,"DIRECTOR, Occidental CSD",4,CSD/CSA DIRECTOR,,Full,3,Schmitt,Carol,Clean Energy Maker,N,2,4,379,0,2044,2044,0.18542074363992173,2,4.0,0,0,201900012,201900038,0,379,2044,0,2044,4.0,2
201900041,13,50,1,STANISLAUS,2019,2019-11-05,Stanislaus,1,"DIRECTOR, Keyes CSD",4,CSD/CSA DIRECTOR,,Full,2,Landers,Davie,Incumbent,Y,1,3,104,2,302,304,0.34210526315789475,1,1.0,0,0,201900013,201900041,0,104,302,2,304,1.0,1
201900040,13,50,1,STANISLAUS,2019,2019-11-05,Stanislaus,1,"DIRECTOR, Keyes CSD",4,CSD/CSA DIRECTOR,,Full,2,Knee,Cody,Water Distribution Operator,N,2,3,103,2,302,304,0.33881578947368424,1,2.0,0,0,201900013,201900040,0,103,302,2,304,2.0,1
201900039,13,50,1,STANISLAUS,2019,2019-11-05,Stanislaus,1,"DIRECTOR, Keyes CSD",4,CSD/CSA DIRECTOR,,Full,2,Bernal,Mike,Incumbent,Y,1,3,95,2,302,304,0.3125,2,3.0,0,0,201900013,201900039,0,95,302,2,304,3.0,2
201900315,93,50,3,STANISLAUS,2019,2019-11-05,Ceres Unified,0,SCHOOL BOARD MEMBER,3,SCHOOL BOARD MEMBER,1.0,Full,1,De La Porte,Brian,Educator,N,2,2,386,0,586,586,0.658703071672355,1,1.0,0,0,201900092,201900310,0,386,586,0,586,1.0,1
201900316,93,50,3,STANISLAUS,2019,2019-11-05,Ceres Unified,0,SCHOOL BOARD MEMBER,3,SCHOOL BOARD MEMBER,1.0,Full,1,Kinard,Jim,Incumbent,Y,1,2,200,0,586,586,0.3412969283276451,2,2.0,0,0,201900092,201900311,0,200,586,0,586,2.0,2
201900320,94,50,3,STANISLAUS,2019,2019-11-05,Hart-Ransom Union Elementary,0,SCHOOL BOARD MEMBER,3,SCHOOL BOARD MEMBER,,Full,2,Renicker,Seth,Incumbent,Y,1,4,175,0,600,600,0.2916666666666667,1,1.0,0,0,201900093,201900315,0,175,600,0,600,1.0,1
201900318,94,50,3,STANISLAUS,2019,2019-11-05,Hart-Ransom Union Elementary,0,SCHOOL BOARD MEMBER,3,SCHOOL BOARD MEMBER,,Full,2,Brunk,Shawn,Utility Lineman,N,2,4,167,0,600,600,0.2783333333333333,1,2.0,0,0,201900093,201900313,0,167,600,0,600,2.0,1
201900317,94,50,3,STANISLAUS,2019,2019-11-05,Hart-Ransom Union Elementary,0,SCHOOL BOARD MEMBER,3,SCHOOL BOARD MEMBER,,Full,2,Alderson,Andy,Agriculture Operations Manager,N,2,4,146,0,600,600,0.24333333333333335,2,3.0,0,0,201900093,201900312,0,146,600,0,600,3.0,2
201900319,94,50,3,STANISLAUS,2019,2019-11-05,Hart-Ransom Union Elementary,0,SCHOOL BOARD MEMBER,3,SCHOOL BOARD MEMBER,,Full,2,Dubbs,Matt,Salesman/Parent/Coach,N,2,4,112,0,600,600,0.18666666666666668,2,4.0,0,0,201900093,201900314,0,112,600,0,600,4.0,2
201900042,14,54,1,TULARE,2019,2019-11-05,Tulare,1,"DIRECTOR, Ponderosa CSD",4,CSD/CSA DIRECTOR,,Full,1,Benton,Beth,No Ballot Designation,N,2,2,17,0,23,23,0.7391304347826086,1,1.0,0,0,201900014,201900042,0,17,23,0,23,1.0,1
201900043,14,54,1,TULARE,2019,2019-11-05,Tulare,1,"DIRECTOR, Ponderosa CSD",4,CSD/CSA DIRECTOR,,Full,1,Ohnesorgen,Frank B.,No Ballot Designation,N,2,2,6,0,23,23,0.2608695652173913,2,2.0,0,0,201900014,201900043,0,6,23,0,23,2.0,2
